id	alias	instrumentModel	firstCreated	firstPublic	releaseStatus	submissionAccountId	studyId	experimentId	sampleId	sample	project_accession	sample_alias	instrument_model	library_name	library_source	library_selection	library_strategy	file_name	file_md5	
ERR13034235	ena-RUN-TAB-05-05-2024-15:35:52:892-96709	Illumina NovaSeq 6000	2024-05-05T16:35:53		PRIVATE	Webin-56587	ERP159778	ERX12405976	ERS19066036	ERS19066036	PRJEB75193	GM20355_HiC_R2	Illumina NovaSeq 6000	NA20355	GENOMIC	Restriction Digest	WGS	GM20355_GT21-13139_CAACTCCA-GTAGGAGT_S19_L002_R2_001.fastq.gz	b317c301b48a1292931005f95d188157	same
ERR12952910	ena-RUN-TAB-25-04-2024-21:18:10:335-62769	Illumina NovaSeq 6000	2024-04-25T22:18:17		PRIVATE	Webin-56587	ERP159778	ERX12325107	ERS19066037	ERS19066037	PRJEB75193	HG02059_HiC_R2	Illumina NovaSeq 6000	HG02059	GENOMIC	Restriction Digest	WGS	HG02059_GT21-13134_CGCTACAT-CGAGACTA_S155_L003_R2_001.fastq.gz	e6614aae9fd4cc030f19855f4375d8f3	same
ERR12952976	ena-RUN-TAB-25-04-2024-21:18:10:420-62901	Illumina NovaSeq 6000	2024-04-25T22:18:18		PRIVATE	Webin-56587	ERP159778	ERX12325173	ERS19066038	ERS19066038	PRJEB75193	HG00268_HiC_R1	Illumina NovaSeq 6000	HG00268	GENOMIC	Restriction Digest	WGS	HG00268_GT21-17617_CGCTACAT-CGAGACTA_S88_L003_R1_001.fastq.gz	bd5f22e3b77153c29726dd85064c2e88	same
ERR12952899	ena-RUN-TAB-25-04-2024-21:18:10:323-62747	Illumina NovaSeq 6000	2024-04-25T22:18:17		PRIVATE	Webin-56587	ERP159778	ERX12325096	ERS19066039	ERS19066039	PRJEB75193	HG02106_HiC_R2	Illumina NovaSeq 6000	HG02106	GENOMIC	Restriction Digest	WGS	HG02106_GT21-22985_GGAACATG-AAGCGTTC_S193_L004_R2_001.fastq.gz	0bcd13a9150fe0442e9137565d6924f5	same
ERR12952963	ena-RUN-TAB-25-04-2024-21:18:10:401-62875	Illumina NovaSeq 6000	2024-04-25T22:18:18		PRIVATE	Webin-56587	ERP159778	ERX12325160	ERS19066040	ERS19066040	PRJEB75193	GM21487_HiC_R1	Illumina NovaSeq 6000	NA21487	GENOMIC	Restriction Digest	WGS	GM21487_GT21-13140_AAGCATCG-CTGGAGTA_S18_L002_R1_001.fastq.gz	85f2b57c5139cf35a97192e1f485e480	same
ERR12952955	ena-RUN-TAB-25-04-2024-21:18:10:391-62859	Illumina NovaSeq 6000	2024-04-25T22:18:18		PRIVATE	Webin-56587	ERP159778	ERX12325152	ERS19066041	ERS19066041	PRJEB75193	HG01352_HiC_R2	Illumina NovaSeq 6000	HG01352	GENOMIC	Restriction Digest	WGS	HG01352_GT21-13133_TCAATCCG-TTCGCAGT_S16_L003_R2_001.fastq.gz	dfafd7c986b4808db31e520d5547dc44	same
ERR12952913	ena-RUN-TAB-25-04-2024-21:18:10:338-62775	Illumina NovaSeq 6000	2024-04-25T22:18:17		PRIVATE	Webin-56587	ERP159778	ERX12325110	ERS19066042	ERS19066042	PRJEB75193	HG02769_HiC_R2	Illumina NovaSeq 6000	HG02769	GENOMIC	Restriction Digest	WGS	HG02769_GT21-13135_GATCCACT-ACAGCTCA_S156_L003_R2_001.fastq.gz	f5e2d73b6c55425bfb609ac5732c2c61	same
ERR12952907	ena-RUN-TAB-25-04-2024-21:18:10:332-62763	Illumina NovaSeq 6000	2024-04-25T22:18:17		PRIVATE	Webin-56587	ERP159778	ERX12325104	ERS19066043	ERS19066043	PRJEB75193	HG02106_HiC_R1	Illumina NovaSeq 6000	HG02106	GENOMIC	Restriction Digest	WGS	HG02106_GT21-22985_GGAACATG-AAGCGTTC_S193_L004_R1_001.fastq.gz	0a8f66167e6cd2dfed0a986d6d1ebc56	same
ERR12952924	ena-RUN-TAB-25-04-2024-21:18:10:352-62797	Illumina NovaSeq 6000	2024-04-25T22:18:17		PRIVATE	Webin-56587	ERP159778	ERX12325121	ERS19066045	ERS19066045	PRJEB75193	HG02016_HiC_R2	Illumina NovaSeq 6000	HG02016	GENOMIC	Restriction Digest	WGS	HG02016_GT21-17616_GTCCTAAG-GAGCAGTA_S84_L003_R2_001.fastq.gz	46d1002207ef0751291288179bd6b33b	same
ERR12952920	ena-RUN-TAB-25-04-2024-21:18:10:346-62789	Illumina NovaSeq 6000	2024-04-25T22:18:17		PRIVATE	Webin-56587	ERP159778	ERX12325117	ERS19066046	ERS19066046	PRJEB75193	HG01352_HiC_R1	Illumina NovaSeq 6000	HG01352	GENOMIC	Restriction Digest	WGS	HG01352_GT21-13133_TCAATCCG-TTCGCAGT_S159_L003_R1_001.fastq.gz	30b8229ee28930afb1b4cf815688982c	same
ERR12952940	ena-RUN-TAB-25-04-2024-21:18:10:373-62829	Illumina NovaSeq 6000	2024-04-25T22:18:17		PRIVATE	Webin-56587	ERP159778	ERX12325137	ERS19066047	ERS19066047	PRJEB75193	GM19320_HiC_R2	Illumina NovaSeq 6000	NA19320	GENOMIC	Restriction Digest	WGS	GM19320_GT21-26084_ACGATCAG-CTTCACCA_S32_L004_R2_001.fastq.gz	9db7cc5239bb9b88892cc026c329f48a	same
ERR12952889	ena-RUN-TAB-25-04-2024-21:18:10:312-62727	Illumina NovaSeq 6000	2024-04-25T22:18:17		PRIVATE	Webin-56587	ERP159778	ERX12325086	ERS19066048	ERS19066048	PRJEB75193	HG02016_HiC_R1	Illumina NovaSeq 6000	HG02016	GENOMIC	Restriction Digest	WGS	HG02016_GT21-17616_GTCCTAAG-GAGCAGTA_S84_L003_R1_001.fastq.gz	fb375d6d98ae51a773d4d26b10ade833	same
ERR12952975	ena-RUN-TAB-25-04-2024-21:18:10:418-62899	Illumina NovaSeq 6000	2024-04-25T22:18:18		PRIVATE	Webin-56587	ERP159778	ERX12325172	ERS19066049	ERS19066049	PRJEB75193	HG03452_HiC_R2	Illumina NovaSeq 6000	HG03452	GENOMIC	Restriction Digest	WGS	HG03452_GT21-13136_ATCCACGA-GGCATACT_S14_L004_R2_001.fastq.gz	55ce5b6d43dc9a6685576fc893012ebb	same
ERR12952932	ena-RUN-TAB-25-04-2024-21:18:10:362-62813	Illumina NovaSeq 6000	2024-04-25T22:18:17		PRIVATE	Webin-56587	ERP159778	ERX12325129	ERS19066050	ERS19066050	PRJEB75193	HG02282_HiC_R2	Illumina NovaSeq 6000	HG02282	GENOMIC	Restriction Digest	WGS	HG02282_GT21-18770_ATGTGGAC-TTGGTGAG_S3_L001_R2_001.fastq.gz	1a173baa29476eb08fe8f058c18719f2	same
ERR12952882	ena-RUN-TAB-25-04-2024-21:18:10:305-62713	Illumina NovaSeq 6000	2024-04-25T22:18:17		PRIVATE	Webin-56587	ERP159778	ERX12325079	ERS19066051	ERS19066051	PRJEB75193	GM19219_HiC_R1	Illumina NovaSeq 6000	NA19219	GENOMIC	Restriction Digest	WGS	GM19219_GT21-13138_GTCCTAAG-GAGCAGTA_S158_L003_R1_001.fastq.gz	4ab5791fbd61d9012719c08b3da55e46	same
ERR12952909	ena-RUN-TAB-25-04-2024-21:18:10:334-62767	Illumina NovaSeq 6000	2024-04-25T22:18:17		PRIVATE	Webin-56587	ERP159778	ERX12325106	ERS19066052	ERS19066052	PRJEB75193	HG04036_HiC_R2	Illumina NovaSeq 6000	HG04036	GENOMIC	Restriction Digest	WGS	HG04036_GT21-13137_ACGATCAG-CTTCACCA_S17_L001_R2_001.fastq.gz	7c7638a4502c9d359b5cb83156179a12	same
ERR12952880	ena-RUN-TAB-25-04-2024-21:18:10:302-62709	Illumina NovaSeq 6000	2024-04-25T22:18:17		PRIVATE	Webin-56587	ERP159778	ERX12325077	ERS19066053	ERS19066053	PRJEB75193	GM19219_HiC_R2	Illumina NovaSeq 6000	NA19219	GENOMIC	Restriction Digest	WGS	GM19219_GT21-13138_GTCCTAAG-GAGCAGTA_S15_L004_R2_001.fastq.gz	70cb0aaae5ee3dbdb7e17187fa547e52	same
ERR12952958	ena-RUN-TAB-25-04-2024-21:18:10:395-62865	Illumina NovaSeq 6000	2024-04-25T22:18:18		PRIVATE	Webin-56587	ERP159778	ERX12325155	ERS19066054	ERS19066054	PRJEB75193	GM19836_HiC_R2	Illumina NovaSeq 6000	NA19836	GENOMIC	Restriction Digest	WGS	GM19836_GT21-18769_GGTTGGTA-TGATACGC_S5_L001_R2_001.fastq.gz	0b4ea84f19babb46132d0e383ca212bf	same
ERR12952966	ena-RUN-TAB-25-04-2024-21:18:10:405-62881	Illumina NovaSeq 6000	2024-04-25T22:18:18		PRIVATE	Webin-56587	ERP159778	ERX12325163	ERS19066055	ERS19066055	PRJEB75193	HG04036_HiC_R1	Illumina NovaSeq 6000	HG04036	GENOMIC	Restriction Digest	WGS	HG04036_GT21-13137_ACGATCAG-CTTCACCA_S17_L001_R1_001.fastq.gz	4e809ba06c76866deb879ae03452acfd	same
ERR12952898	ena-RUN-TAB-25-04-2024-21:18:10:322-62745	Illumina NovaSeq 6000	2024-04-25T22:18:17		PRIVATE	Webin-56587	ERP159778	ERX12325095	ERS19066056	ERS19066056	PRJEB75193	GM20355_HiC_R1	Illumina NovaSeq 6000	NA20355	GENOMIC	Restriction Digest	WGS	GM20355_GT21-13139_CAACTCCA-GTAGGAGT_S162_L003_R1_001.fastq.gz	129e395d2a5a10d709baa94d03008298	same
ERR12952949	ena-RUN-TAB-25-04-2024-21:18:10:384-62847	Illumina NovaSeq 6000	2024-04-25T22:18:18		PRIVATE	Webin-56587	ERP159778	ERX12325146	ERS19066057	ERS19066057	PRJEB75193	HG03456_HiC_R2	Illumina NovaSeq 6000	HG03456	GENOMIC	Restriction Digest	WGS	HG03456_GT23-06267_AGAAGCCT-AGTGACCT_S48_L003_R2_001.fastq.gz	85bfa894e30a76c7b98eeaff0246e6ec	same
ERR12952931	ena-RUN-TAB-25-04-2024-21:18:10:361-62811	Illumina NovaSeq 6000	2024-04-25T22:18:17		PRIVATE	Webin-56587	ERP159778	ERX12325128	ERS19066058	ERS19066058	PRJEB75193	HG02059_HiC_R1	Illumina NovaSeq 6000	HG02059	GENOMIC	Restriction Digest	WGS	HG02059_GT21-13134_CGCTACAT-CGAGACTA_S155_L003_R1_001.fastq.gz	fffca77e89ad7c3680c45a7aefb9cf6a	same
ERR12952934	ena-RUN-TAB-25-04-2024-21:18:10:365-62817	Illumina NovaSeq 6000	2024-04-25T22:18:17		PRIVATE	Webin-56587	ERP159778	ERX12325131	ERS19066059	ERS19066059	PRJEB75193	HG02282_HiC_R1	Illumina NovaSeq 6000	HG02282	GENOMIC	Restriction Digest	WGS	HG02282_GT21-18770_ATGTGGAC-TTGGTGAG_S3_L001_R1_001.fastq.gz	c0ca971d873241a9804f2b018a4c3626	same
ERR12952927	ena-RUN-TAB-25-04-2024-21:18:10:356-62803	Illumina NovaSeq 6000	2024-04-25T22:18:17		PRIVATE	Webin-56587	ERP159778	ERX12325124	ERS19066062	ERS19066062	PRJEB75193	GM19434_HiC_R1	Illumina NovaSeq 6000	NA19434	GENOMIC	Restriction Digest	WGS	GM19434_GT21-18768_GTGATCCA-TACAGAGC_S4_L001_R1_001.fastq.gz	5f0cc2ae443eded58003d800f74e5fa0	same
ERR12952895	ena-RUN-TAB-25-04-2024-21:18:10:318-62739	Illumina NovaSeq 6000	2024-04-25T22:18:17		PRIVATE	Webin-56587	ERP159778	ERX12325092	ERS19066063	ERS19066063	PRJEB75193	GM19836_HiC_R1	Illumina NovaSeq 6000	NA19836	GENOMIC	Restriction Digest	WGS	GM19836_GT21-18769_GGTTGGTA-TGATACGC_S5_L001_R1_001.fastq.gz	4f9303ec6731b79cc55ef3a6ed696a19	same
ERR12952943	ena-RUN-TAB-25-04-2024-21:18:10:377-62835	Illumina NovaSeq 6000	2024-04-25T22:18:17		PRIVATE	Webin-56587	ERP159778	ERX12325140	ERS19066064	ERS19066064	PRJEB75193	HG04217_HiC_R2	Illumina NovaSeq 6000	HG04217	GENOMIC	Restriction Digest	WGS	HG04217_GT21-17614_AAGCATCG-CTGGAGTA_S87_L003_R2_001.fastq.gz	862475d4920747164e965c748b8fa20e	same
ERR12952947	ena-RUN-TAB-25-04-2024-21:18:10:382-62843	Illumina NovaSeq 6000	2024-04-25T22:18:18		PRIVATE	Webin-56587	ERP159778	ERX12325144	ERS19066065	ERS19066065	PRJEB75193	HG04217_HiC_R1	Illumina NovaSeq 6000	HG04217	GENOMIC	Restriction Digest	WGS	HG04217_GT21-17614_AAGCATCG-CTGGAGTA_S87_L003_R1_001.fastq.gz	03c528a758a1932570b47975b110dbdd	same
ERR12952967	ena-RUN-TAB-25-04-2024-21:18:10:407-62883	Illumina NovaSeq 6000	2024-04-25T22:18:18		PRIVATE	Webin-56587	ERP159778	ERX12325164	ERS19066066	ERS19066066	PRJEB75193	HG03456_HiC_R1	Illumina NovaSeq 6000	HG03456	GENOMIC	Restriction Digest	WGS	HG03456_GT23-06267_AGAAGCCT-AGTGACCT_S48_L003_R1_001.fastq.gz	7dc8db5a842b14cbcb42acc173d89a5c	same
ERR12952946	ena-RUN-TAB-25-04-2024-21:18:10:381-62841	Illumina NovaSeq 6000	2024-04-25T22:18:18		PRIVATE	Webin-56587	ERP159778	ERX12325143	ERS19066067	ERS19066067	PRJEB75193	HG03452_HiC_R1	Illumina NovaSeq 6000	HG03452	GENOMIC	Restriction Digest	WGS	HG03452_GT21-13136_ATCCACGA-GGCATACT_S14_L002_R1_001.fastq.gz	4fea7bcd93f5c3c0292979a71f1c26a2	same
ERR12952930	ena-RUN-TAB-25-04-2024-21:18:10:359-62809	Illumina NovaSeq 6000	2024-04-25T22:18:17		PRIVATE	Webin-56587	ERP159778	ERX12325127	ERS19066068	ERS19066068	PRJEB75193	HG03807_HiC_R1	Illumina NovaSeq 6000	HG03807	GENOMIC	Restriction Digest	WGS	HG03807_GT21-17615_CATCAACC-GCGTCATT_S86_L003_R1_001.fastq.gz	5bf3cc51b3a7c498e2551dc108b28b95	same
ERR12952925	ena-RUN-TAB-25-04-2024-21:18:10:353-62799	Illumina NovaSeq 6000	2024-04-25T22:18:17		PRIVATE	Webin-56587	ERP159778	ERX12325122	ERS19066069	ERS19066069	PRJEB75193	HG00268_HiC_R2	Illumina NovaSeq 6000	HG00268	GENOMIC	Restriction Digest	WGS	HG00268_GT21-17617_CGCTACAT-CGAGACTA_S88_L003_R2_001.fastq.gz	5dc04fb03bc17ba172142ae57c17694a	same
ERR12952921	ena-RUN-TAB-25-04-2024-21:18:10:348-62791	Illumina NovaSeq 6000	2024-04-25T22:18:17		PRIVATE	Webin-56587	ERP159778	ERX12325118	ERS19066070	ERS19066070	PRJEB75193	HG03520_HiC_R1	Illumina NovaSeq 6000	HG03520	GENOMIC	Restriction Digest	WGS	HG03520_GT21-18771_TGAGACGA-CTCTGGTT_S194_L004_R1_001.fastq.gz	796a072451fff5eb6cd6eef356776f5e	same
ERR12952886	ena-RUN-TAB-25-04-2024-21:18:10:310-62721	Illumina NovaSeq 6000	2024-04-25T22:18:17		PRIVATE	Webin-56587	ERP159778	ERX12325083	ERS19066071	ERS19066071	PRJEB75193	HG02769_HiC_R1	Illumina NovaSeq 6000	HG02769	GENOMIC	Restriction Digest	WGS	HG02769_GT21-13135_GATCCACT-ACAGCTCA_S13_L003_R1_001.fastq.gz	2bfcc0e8b96ddca7aa1a382f7b9de2c7	same
ERR12952888	ena-RUN-TAB-25-04-2024-21:18:10:312-62725	Illumina NovaSeq 6000	2024-04-25T22:18:17		PRIVATE	Webin-56587	ERP159778	ERX12325085	ERS19066072	ERS19066072	PRJEB75193	HG03520_HiC_R2	Illumina NovaSeq 6000	HG03520	GENOMIC	Restriction Digest	WGS	HG03520_GT21-18771_TGAGACGA-CTCTGGTT_S194_L004_R2_001.fastq.gz	90dfff727fbbac57117310c792042222	same
ERR12952879	ena-RUN-TAB-25-04-2024-21:18:10:301-62707	Illumina NovaSeq 6000	2024-04-25T22:18:17		PRIVATE	Webin-56587	ERP159778	ERX12325076	ERS19066073	ERS19066073	PRJEB75193	HG03807_HiC_R2	Illumina NovaSeq 6000	HG03807	GENOMIC	Restriction Digest	WGS	HG03807_GT21-17615_CATCAACC-GCGTCATT_S86_L003_R2_001.fastq.gz	c38f28db6a84ee64872e7163ba5ca559	same
ERR12952945	ena-RUN-TAB-25-04-2024-21:18:10:379-62839	Illumina NovaSeq 6000	2024-04-25T22:18:17		PRIVATE	Webin-56587	ERP159778	ERX12325142	ERS19066074	ERS19066074	PRJEB75193	GM21487_HiC_R2	Illumina NovaSeq 6000	NA21487	GENOMIC	Restriction Digest	WGS	GM21487_GT21-13140_AAGCATCG-CTGGAGTA_S18_L004_R2_001.fastq.gz	90624a4d6fa697a20e9f01c14825da03	same
ERR12952979	ena-RUN-TAB-25-04-2024-21:18:10:424-62907	Illumina NovaSeq 6000	2024-04-25T22:18:18		PRIVATE	Webin-56587	ERP159778	ERX12325176	ERS19066075	ERS19066075	PRJEB75193	GM19434_HiC_R2	Illumina NovaSeq 6000	NA19434	GENOMIC	Restriction Digest	WGS	GM19434_GT21-18768_GTGATCCA-TACAGAGC_S4_L001_R2_001.fastq.gz	a730c0276a3926d2f73c71d760c87c22	same
ERR12952937	ena-RUN-TAB-25-04-2024-21:18:10:369-62823	Illumina NovaSeq 6000	2024-04-25T22:18:17		PRIVATE	Webin-56587	ERP159778	ERX12325134	ERS19066076	ERS19066076	PRJEB75193	GM19320_HiC_R1	Illumina NovaSeq 6000	NA19320	GENOMIC	Restriction Digest	WGS	GM19320_GT21-26084_ACGATCAG-CTTCACCA_S32_L004_R1_001.fastq.gz	24747491e92c6286db987322fab51fd5	same
ERR12952971	ena-RUN-TAB-25-04-2024-21:18:10:413-62891	Illumina NovaSeq 6000	2024-04-25T22:18:18		PRIVATE	Webin-56587	ERP159778	ERX12325168	ERS19135865	ERS19135865	PRJEB75193	HG03452_HiC_R2_39	Illumina NovaSeq 6000	HG03452	GENOMIC	Restriction Digest	WGS	HG03452_GT21-13136_ATCCACGA-GGCATACT_S14_L002_R2_001.fastq.gz	6afdd929b9fd745c9a58b403f752dc2c	same
ERR12952950	ena-RUN-TAB-25-04-2024-21:18:10:386-62849	Illumina NovaSeq 6000	2024-04-25T22:18:18		PRIVATE	Webin-56587	ERP159778	ERX12325147	ERS19135868	ERS19135868	PRJEB75193	GM19219_HiC_R1_14	Illumina NovaSeq 6000	NA19219	GENOMIC	Restriction Digest	WGS	GM19219_GT21-13138_GTCCTAAG-GAGCAGTA_S15_L001_R1_001.fastq.gz	3889c8bf232634362f812edfa9d28ee5	same
ERR13034236	ena-RUN-TAB-05-05-2024-15:35:52:893-96711	Illumina NovaSeq 6000	2024-05-05T16:35:54		PRIVATE	Webin-56587	ERP159778	ERX12405977	ERS19135870	ERS19135870	PRJEB75193	GM20355_HiC_R1_33	Illumina NovaSeq 6000	NA20355	GENOMIC	Restriction Digest	WGS	GM20355_GT21-13139_CAACTCCA-GTAGGAGT_S19_L004_R1_001.fastq.gz	df2f3f0916ce566923551e94be97ce29	same
ERR12952968	ena-RUN-TAB-25-04-2024-21:18:10:408-62885	Illumina NovaSeq 6000	2024-04-25T22:18:18		PRIVATE	Webin-56587	ERP159778	ERX12325165	ERS19135936	ERS19135936	PRJEB75193	HG01352_HiC_R1_37	Illumina NovaSeq 6000	HG01352	GENOMIC	Restriction Digest	WGS	HG01352_GT21-13133_TCAATCCG-TTCGCAGT_S16_L004_R1_001.fastq.gz	7a4e9a0a08203f7849b8c040e9318da4	same
ERR12952941	ena-RUN-TAB-25-04-2024-21:18:10:374-62831	Illumina NovaSeq 6000	2024-04-25T22:18:17		PRIVATE	Webin-56587	ERP159778	ERX12325138	ERS19135939	ERS19135939	PRJEB75193	HG02059_HiC_R2_48	Illumina NovaSeq 6000	HG02059	GENOMIC	Restriction Digest	WGS	HG02059_GT21-13134_CGCTACAT-CGAGACTA_S12_L001_R2_001.fastq.gz	d9be970b97be4e73c6223e92a806bca6	same
ERR12952908	ena-RUN-TAB-25-04-2024-21:18:10:333-62765	Illumina NovaSeq 6000	2024-04-25T22:18:17		PRIVATE	Webin-56587	ERP159778	ERX12325105	ERS19135941	ERS19135941	PRJEB75193	GM21487_HiC_R1_38	Illumina NovaSeq 6000	NA21487	GENOMIC	Restriction Digest	WGS	GM21487_GT21-13140_AAGCATCG-CTGGAGTA_S18_L003_R1_001.fastq.gz	d4cb21276fba12d595561c9f5731d894	same
ERR12952894	ena-RUN-TAB-25-04-2024-21:18:10:317-62737	Illumina NovaSeq 6000	2024-04-25T22:18:17		PRIVATE	Webin-56587	ERP159778	ERX12325091	ERS19135942	ERS19135942	PRJEB75193	HG02059_HiC_R1_19	Illumina NovaSeq 6000	HG02059	GENOMIC	Restriction Digest	WGS	HG02059_GT21-13134_CGCTACAT-CGAGACTA_S12_L004_R1_001.fastq.gz	ac06cf573890018df18fad35053a9168	same
ERR12952883	ena-RUN-TAB-25-04-2024-21:18:10:306-62715	Illumina NovaSeq 6000	2024-04-25T22:18:17		PRIVATE	Webin-56587	ERP159778	ERX12325080	ERS19135945	ERS19135945	PRJEB75193	HG01352_HiC_R1_44	Illumina NovaSeq 6000	HG01352	GENOMIC	Restriction Digest	WGS	HG01352_GT21-13133_TCAATCCG-TTCGCAGT_S16_L001_R1_001.fastq.gz	bcbe25599ac19cc7276a6097c1064563	same
ERR12952972	ena-RUN-TAB-25-04-2024-21:18:10:414-62893	Illumina NovaSeq 6000	2024-04-25T22:18:18		PRIVATE	Webin-56587	ERP159778	ERX12325169	ERS19135946	ERS19135946	PRJEB75193	GM21487_HiC_R2_10	Illumina NovaSeq 6000	NA21487	GENOMIC	Restriction Digest	WGS	GM21487_GT21-13140_AAGCATCG-CTGGAGTA_S18_L003_R2_001.fastq.gz	c7e34b4b8e93d8a116a7c4b62b649c13	same
ERR12952977	ena-RUN-TAB-25-04-2024-21:18:10:421-62903	Illumina NovaSeq 6000	2024-04-25T22:18:18		PRIVATE	Webin-56587	ERP159778	ERX12325174	ERS19135948	ERS19135948	PRJEB75193	HG03452_HiC_R2_21	Illumina NovaSeq 6000	HG03452	GENOMIC	Restriction Digest	WGS	HG03452_GT21-13136_ATCCACGA-GGCATACT_S14_L003_R2_001.fastq.gz	bcb14b9722cb504a5ea804f748ac5544	same
ERR12952965	ena-RUN-TAB-25-04-2024-21:18:10:404-62879	Illumina NovaSeq 6000	2024-04-25T22:18:18		PRIVATE	Webin-56587	ERP159778	ERX12325162	ERS19135950	ERS19135950	PRJEB75193	GM21487_HiC_R2_27	Illumina NovaSeq 6000	NA21487	GENOMIC	Restriction Digest	WGS	GM21487_GT21-13140_AAGCATCG-CTGGAGTA_S161_L003_R2_001.fastq.gz	157d99fb8de935d42100d9ffddd7b6ff	same
ERR12952935	ena-RUN-TAB-25-04-2024-21:18:10:366-62819	Illumina NovaSeq 6000	2024-04-25T22:18:17		PRIVATE	Webin-56587	ERP159778	ERX12325132	ERS19135952	ERS19135952	PRJEB75193	HG02769_HiC_R2_40	Illumina NovaSeq 6000	HG02769	GENOMIC	Restriction Digest	WGS	HG02769_GT21-13135_GATCCACT-ACAGCTCA_S13_L001_R2_001.fastq.gz	9e9e112fdcbb034258eca51bd30af575	same
ERR12952902	ena-RUN-TAB-25-04-2024-21:18:10:326-62753	Illumina NovaSeq 6000	2024-04-25T22:18:17		PRIVATE	Webin-56587	ERP159778	ERX12325099	ERS19135954	ERS19135954	PRJEB75193	HG04036_HiC_R2_26	Illumina NovaSeq 6000	HG04036	GENOMIC	Restriction Digest	WGS	HG04036_GT21-13137_ACGATCAG-CTTCACCA_S160_L003_R2_001.fastq.gz	2f72d4702b9a0e01020d94897d54cb91	same
ERR12952952	ena-RUN-TAB-25-04-2024-21:18:10:388-62853	Illumina NovaSeq 6000	2024-04-25T22:18:18		PRIVATE	Webin-56587	ERP159778	ERX12325149	ERS19135956	ERS19135956	PRJEB75193	GM19219_HiC_R1_5	Illumina NovaSeq 6000	NA19219	GENOMIC	Restriction Digest	WGS	GM19219_GT21-13138_GTCCTAAG-GAGCAGTA_S15_L004_R1_001.fastq.gz	3570ba7db138be134cd6fc874257babb	same
ERR12952892	ena-RUN-TAB-25-04-2024-21:18:10:315-62733	Illumina NovaSeq 6000	2024-04-25T22:18:17		PRIVATE	Webin-56587	ERP159778	ERX12325089	ERS19135958	ERS19135958	PRJEB75193	GM21487_HiC_R1_59	Illumina NovaSeq 6000	NA21487	GENOMIC	Restriction Digest	WGS	GM21487_GT21-13140_AAGCATCG-CTGGAGTA_S161_L003_R1_001.fastq.gz	6fecb8c8c7c9b553fb427e9ab33ccf82	same
ERR12952969	ena-RUN-TAB-25-04-2024-21:18:10:409-62887	Illumina NovaSeq 6000	2024-04-25T22:18:18		PRIVATE	Webin-56587	ERP159778	ERX12325166	ERS19135960	ERS19135960	PRJEB75193	HG01352_HiC_R1_58	Illumina NovaSeq 6000	HG01352	GENOMIC	Restriction Digest	WGS	HG01352_GT21-13133_TCAATCCG-TTCGCAGT_S16_L002_R1_001.fastq.gz	72d0907d67e006ec1922264762e220a5	same
ERR12952973	ena-RUN-TAB-25-04-2024-21:18:10:416-62895	Illumina NovaSeq 6000	2024-04-25T22:18:18		PRIVATE	Webin-56587	ERP159778	ERX12325170	ERS19135962	ERS19135962	PRJEB75193	HG02769_HiC_R2_43	Illumina NovaSeq 6000	HG02769	GENOMIC	Restriction Digest	WGS	HG02769_GT21-13135_GATCCACT-ACAGCTCA_S13_L004_R2_001.fastq.gz	652f614e9d68c736685e55bc1219c030	same
ERR12952915	ena-RUN-TAB-25-04-2024-21:18:10:340-62779	Illumina NovaSeq 6000	2024-04-25T22:18:17		PRIVATE	Webin-56587	ERP159778	ERX12325112	ERS19135963	ERS19135963	PRJEB75193	HG04036_HiC_R1_52	Illumina NovaSeq 6000	HG04036	GENOMIC	Restriction Digest	WGS	HG04036_GT21-13137_ACGATCAG-CTTCACCA_S17_L004_R1_001.fastq.gz	d80748b0c7fdf9105052abfc7253deb7	same
ERR12952923	ena-RUN-TAB-25-04-2024-21:18:10:350-62795	Illumina NovaSeq 6000	2024-04-25T22:18:17		PRIVATE	Webin-56587	ERP159778	ERX12325120	ERS19135966	ERS19135966	PRJEB75193	GM19219_HiC_R2_23	Illumina NovaSeq 6000	NA19219	GENOMIC	Restriction Digest	WGS	GM19219_GT21-13138_GTCCTAAG-GAGCAGTA_S15_L002_R2_001.fastq.gz	6bea89c949bd2a6c2d7b29aec6d8d213	same
ERR12952953	ena-RUN-TAB-25-04-2024-21:18:10:389-62855	Illumina NovaSeq 6000	2024-04-25T22:18:18		PRIVATE	Webin-56587	ERP159778	ERX12325150	ERS19135968	ERS19135968	PRJEB75193	HG02059_HiC_R2_62	Illumina NovaSeq 6000	HG02059	GENOMIC	Restriction Digest	WGS	HG02059_GT21-13134_CGCTACAT-CGAGACTA_S12_L004_R2_001.fastq.gz	c446f7194b1c8ce3321f8c4b4db5ec87	same
ERR12952918	ena-RUN-TAB-25-04-2024-21:18:10:343-62785	Illumina NovaSeq 6000	2024-04-25T22:18:17		PRIVATE	Webin-56587	ERP159778	ERX12325115	ERS19135970	ERS19135970	PRJEB75193	HG02769_HiC_R1_25	Illumina NovaSeq 6000	HG02769	GENOMIC	Restriction Digest	WGS	HG02769_GT21-13135_GATCCACT-ACAGCTCA_S13_L001_R1_001.fastq.gz	671ffe84f10fbdc9f77dced4c53d5dc8	same
ERR12952959	ena-RUN-TAB-25-04-2024-21:18:10:396-62867	Illumina NovaSeq 6000	2024-04-25T22:18:18		PRIVATE	Webin-56587	ERP159778	ERX12325156	ERS19135972	ERS19135972	PRJEB75193	HG02059_HiC_R1_63	Illumina NovaSeq 6000	HG02059	GENOMIC	Restriction Digest	WGS	HG02059_GT21-13134_CGCTACAT-CGAGACTA_S12_L001_R1_001.fastq.gz	85fb1dd436f812f48039b4b2a21266f8	same
ERR12952929	ena-RUN-TAB-25-04-2024-21:18:10:358-62807	Illumina NovaSeq 6000	2024-04-25T22:18:17		PRIVATE	Webin-56587	ERP159778	ERX12325126	ERS19135974	ERS19135974	PRJEB75193	HG04036_HiC_R1_32	Illumina NovaSeq 6000	HG04036	GENOMIC	Restriction Digest	WGS	HG04036_GT21-13137_ACGATCAG-CTTCACCA_S17_L003_R1_001.fastq.gz	d7986b16891965bfedd3cd5ab9063569	same
ERR12952926	ena-RUN-TAB-25-04-2024-21:18:10:355-62801	Illumina NovaSeq 6000	2024-04-25T22:18:17		PRIVATE	Webin-56587	ERP159778	ERX12325123	ERS19135976	ERS19135976	PRJEB75193	HG04036_HiC_R2_57	Illumina NovaSeq 6000	HG04036	GENOMIC	Restriction Digest	WGS	HG04036_GT21-13137_ACGATCAG-CTTCACCA_S17_L003_R2_001.fastq.gz	83e5f923d8fd788d2300a8e2e8c457e7	same
ERR12952938	ena-RUN-TAB-25-04-2024-21:18:10:370-62825	Illumina NovaSeq 6000	2024-04-25T22:18:17		PRIVATE	Webin-56587	ERP159778	ERX12325135	ERS19135978	ERS19135978	PRJEB75193	GM21487_HiC_R1_16	Illumina NovaSeq 6000	NA21487	GENOMIC	Restriction Digest	WGS	GM21487_GT21-13140_AAGCATCG-CTGGAGTA_S18_L004_R1_001.fastq.gz	90d083ff8017fa08290e5c806ca3d174	same
ERR12952944	ena-RUN-TAB-25-04-2024-21:18:10:378-62837	Illumina NovaSeq 6000	2024-04-25T22:18:17		PRIVATE	Webin-56587	ERP159778	ERX12325141	ERS19135980	ERS19135980	PRJEB75193	GM19219_HiC_R1_51	Illumina NovaSeq 6000	NA19219	GENOMIC	Restriction Digest	WGS	GM19219_GT21-13138_GTCCTAAG-GAGCAGTA_S15_L002_R1_001.fastq.gz	4feeb94ecd806cdb4a76d125c6130fd8	same
ERR12952962	ena-RUN-TAB-25-04-2024-21:18:10:400-62873	Illumina NovaSeq 6000	2024-04-25T22:18:18		PRIVATE	Webin-56587	ERP159778	ERX12325159	ERS19135982	ERS19135982	PRJEB75193	GM19219_HiC_R2_13	Illumina NovaSeq 6000	NA19219	GENOMIC	Restriction Digest	WGS	GM19219_GT21-13138_GTCCTAAG-GAGCAGTA_S158_L003_R2_001.fastq.gz	f2b30e83087045c17665e1af9f2aaa88	same
ERR12952881	ena-RUN-TAB-25-04-2024-21:18:10:303-62711	Illumina NovaSeq 6000	2024-04-25T22:18:17		PRIVATE	Webin-56587	ERP159778	ERX12325078	ERS19135984	ERS19135984	PRJEB75193	HG02769_HiC_R1_35	Illumina NovaSeq 6000	HG02769	GENOMIC	Restriction Digest	WGS	HG02769_GT21-13135_GATCCACT-ACAGCTCA_S156_L003_R1_001.fastq.gz	cdd64d31bba7cd6fbac5a337070e69e8	same
ERR12952905	ena-RUN-TAB-25-04-2024-21:18:10:329-62759	Illumina NovaSeq 6000	2024-04-25T22:18:17		PRIVATE	Webin-56587	ERP159778	ERX12325102	ERS19135986	ERS19135986	PRJEB75193	GM20355_HiC_R1_31	Illumina NovaSeq 6000	NA20355	GENOMIC	Restriction Digest	WGS	GM20355_GT21-13139_CAACTCCA-GTAGGAGT_S19_L002_R1_001.fastq.gz	0668411fdc1439a82783f0d034d7d8a4	same
ERR12952878	ena-RUN-TAB-25-04-2024-21:18:10:299-62705	Illumina NovaSeq 6000	2024-04-25T22:18:16		PRIVATE	Webin-56587	ERP159778	ERX12325075	ERS19135988	ERS19135988	PRJEB75193	HG02769_HiC_R2_17	Illumina NovaSeq 6000	HG02769	GENOMIC	Restriction Digest	WGS	HG02769_GT21-13135_GATCCACT-ACAGCTCA_S13_L003_R2_001.fastq.gz	7d5fc02e3e3a27ba3b5da18e9b621cbc	same
ERR12952956	ena-RUN-TAB-25-04-2024-21:18:10:392-62861	Illumina NovaSeq 6000	2024-04-25T22:18:18		PRIVATE	Webin-56587	ERP159778	ERX12325153	ERS19135990	ERS19135990	PRJEB75193	GM20355_HiC_R2_3	Illumina NovaSeq 6000	NA20355	GENOMIC	Restriction Digest	WGS	GM20355_GT21-13139_CAACTCCA-GTAGGAGT_S19_L001_R2_001.fastq.gz	bcfefc155643fee10cf134ee9782075c	same
ERR12952890	ena-RUN-TAB-25-04-2024-21:18:10:313-62729	Illumina NovaSeq 6000	2024-04-25T22:18:17		PRIVATE	Webin-56587	ERP159778	ERX12325087	ERS19135992	ERS19135992	PRJEB75193	HG02769_HiC_R1_41	Illumina NovaSeq 6000	HG02769	GENOMIC	Restriction Digest	WGS	HG02769_GT21-13135_GATCCACT-ACAGCTCA_S13_L002_R1_001.fastq.gz	05e0d33a949d87f1799573569d0d159f	same
ERR12952906	ena-RUN-TAB-25-04-2024-21:18:10:330-62761	Illumina NovaSeq 6000	2024-04-25T22:18:17		PRIVATE	Webin-56587	ERP159778	ERX12325103	ERS19135994	ERS19135994	PRJEB75193	HG03452_HiC_R1_6	Illumina NovaSeq 6000	HG03452	GENOMIC	Restriction Digest	WGS	HG03452_GT21-13136_ATCCACGA-GGCATACT_S14_L001_R1_001.fastq.gz	6ae2a3a225cd0e6b829c7de5e2615154	same
ERR12952891	ena-RUN-TAB-25-04-2024-21:18:10:314-62731	Illumina NovaSeq 6000	2024-04-25T22:18:17		PRIVATE	Webin-56587	ERP159778	ERX12325088	ERS19135995	ERS19135995	PRJEB75193	GM19219_HiC_R1_1	Illumina NovaSeq 6000	NA19219	GENOMIC	Restriction Digest	WGS	GM19219_GT21-13138_GTCCTAAG-GAGCAGTA_S15_L003_R1_001.fastq.gz	c32c3bc4e3be0a5f0716878944f0be23	same
ERR12952933	ena-RUN-TAB-25-04-2024-21:18:10:363-62815	Illumina NovaSeq 6000	2024-04-25T22:18:17		PRIVATE	Webin-56587	ERP159778	ERX12325130	ERS19135998	ERS19135998	PRJEB75193	HG01352_HiC_R1_4	Illumina NovaSeq 6000	HG01352	GENOMIC	Restriction Digest	WGS	HG01352_GT21-13133_TCAATCCG-TTCGCAGT_S16_L003_R1_001.fastq.gz	d12daeafd2fc126a10782460cabdb674	same
ERR12952961	ena-RUN-TAB-25-04-2024-21:18:10:399-62871	Illumina NovaSeq 6000	2024-04-25T22:18:18		PRIVATE	Webin-56587	ERP159778	ERX12325158	ERS19135999	ERS19135999	PRJEB75193	HG01352_HiC_R2_54	Illumina NovaSeq 6000	HG01352	GENOMIC	Restriction Digest	WGS	HG01352_GT21-13133_TCAATCCG-TTCGCAGT_S16_L004_R2_001.fastq.gz	3951d749ae4ff55a453558c6a15c183a	same
ERR12952897	ena-RUN-TAB-25-04-2024-21:18:10:321-62743	Illumina NovaSeq 6000	2024-04-25T22:18:17		PRIVATE	Webin-56587	ERP159778	ERX12325094	ERS19136001	ERS19136001	PRJEB75193	HG02769_HiC_R2_36	Illumina NovaSeq 6000	HG02769	GENOMIC	Restriction Digest	WGS	HG02769_GT21-13135_GATCCACT-ACAGCTCA_S13_L002_R2_001.fastq.gz	ea3afa48f5c09055d70d01d1d71adb25	same
ERR12952887	ena-RUN-TAB-25-04-2024-21:18:10:311-62723	Illumina NovaSeq 6000	2024-04-25T22:18:17		PRIVATE	Webin-56587	ERP159778	ERX12325084	ERS19136002	ERS19136002	PRJEB75193	HG04036_HiC_R1_24	Illumina NovaSeq 6000	HG04036	GENOMIC	Restriction Digest	WGS	HG04036_GT21-13137_ACGATCAG-CTTCACCA_S17_L002_R1_001.fastq.gz	91fa08c247e68c1439e69335fcaba418	same
ERR12952964	ena-RUN-TAB-25-04-2024-21:18:10:403-62877	Illumina NovaSeq 6000	2024-04-25T22:18:18		PRIVATE	Webin-56587	ERP159778	ERX12325161	ERS19136004	ERS19136004	PRJEB75193	HG03452_HiC_R1_9	Illumina NovaSeq 6000	HG03452	GENOMIC	Restriction Digest	WGS	HG03452_GT21-13136_ATCCACGA-GGCATACT_S14_L003_R1_001.fastq.gz	fb6d947b51c4b7af5875eae36de3048b	same
ERR12952912	ena-RUN-TAB-25-04-2024-21:18:10:337-62773	Illumina NovaSeq 6000	2024-04-25T22:18:17		PRIVATE	Webin-56587	ERP159778	ERX12325109	ERS19136006	ERS19136006	PRJEB75193	HG02769_HiC_R1_61	Illumina NovaSeq 6000	HG02769	GENOMIC	Restriction Digest	WGS	HG02769_GT21-13135_GATCCACT-ACAGCTCA_S13_L004_R1_001.fastq.gz	98e1fb0d1c6484de9156acbb1d77d28d	same
ERR12952911	ena-RUN-TAB-25-04-2024-21:18:10:336-62771	Illumina NovaSeq 6000	2024-04-25T22:18:17		PRIVATE	Webin-56587	ERP159778	ERX12325108	ERS19136008	ERS19136008	PRJEB75193	HG03452_HiC_R2_18	Illumina NovaSeq 6000	HG03452	GENOMIC	Restriction Digest	WGS	HG03452_GT21-13136_ATCCACGA-GGCATACT_S157_L003_R2_001.fastq.gz	597e9d3435da2bc2878ecdb0d65bb453	same
ERR12952960	ena-RUN-TAB-25-04-2024-21:18:10:397-62869	Illumina NovaSeq 6000	2024-04-25T22:18:18		PRIVATE	Webin-56587	ERP159778	ERX12325157	ERS19136010	ERS19136010	PRJEB75193	GM19219_HiC_R2_53	Illumina NovaSeq 6000	NA19219	GENOMIC	Restriction Digest	WGS	GM19219_GT21-13138_GTCCTAAG-GAGCAGTA_S15_L001_R2_001.fastq.gz	9b9420a8a61fbf563aff51358845c873	same
ERR12952914	ena-RUN-TAB-25-04-2024-21:18:10:339-62777	Illumina NovaSeq 6000	2024-04-25T22:18:17		PRIVATE	Webin-56587	ERP159778	ERX12325111	ERS19136012	ERS19136012	PRJEB75193	GM20355_HiC_R2_55	Illumina NovaSeq 6000	NA20355	GENOMIC	Restriction Digest	WGS	GM20355_GT21-13139_CAACTCCA-GTAGGAGT_S162_L003_R2_001.fastq.gz	72476f3edd4aa47dfe2702c5a382d477	same
ERR12952939	ena-RUN-TAB-25-04-2024-21:18:10:371-62827	Illumina NovaSeq 6000	2024-04-25T22:18:17		PRIVATE	Webin-56587	ERP159778	ERX12325136	ERS19136014	ERS19136014	PRJEB75193	GM21487_HiC_R2_56	Illumina NovaSeq 6000	NA21487	GENOMIC	Restriction Digest	WGS	GM21487_GT21-13140_AAGCATCG-CTGGAGTA_S18_L002_R2_001.fastq.gz	07d813f523b3aa1021a696060631faeb	same
ERR12952928	ena-RUN-TAB-25-04-2024-21:18:10:357-62805	Illumina NovaSeq 6000	2024-04-25T22:18:17		PRIVATE	Webin-56587	ERP159778	ERX12325125	ERS19136016	ERS19136016	PRJEB75193	HG01352_HiC_R2_2	Illumina NovaSeq 6000	HG01352	GENOMIC	Restriction Digest	WGS	HG01352_GT21-13133_TCAATCCG-TTCGCAGT_S16_L002_R2_001.fastq.gz	41ca2033810be8f44d796e4c84b97d88	same
ERR12952974	ena-RUN-TAB-25-04-2024-21:18:10:417-62897	Illumina NovaSeq 6000	2024-04-25T22:18:18		PRIVATE	Webin-56587	ERP159778	ERX12325171	ERS19136018	ERS19136018	PRJEB75193	GM19219_HiC_R2_49	Illumina NovaSeq 6000	NA19219	GENOMIC	Restriction Digest	WGS	GM19219_GT21-13138_GTCCTAAG-GAGCAGTA_S15_L003_R2_001.fastq.gz	b22884fe3b672780534c5a3861b3b274	same
ERR12952936	ena-RUN-TAB-25-04-2024-21:18:10:367-62821	Illumina NovaSeq 6000	2024-04-25T22:18:17		PRIVATE	Webin-56587	ERP159778	ERX12325133	ERS19136020	ERS19136020	PRJEB75193	HG03452_HiC_R2_47	Illumina NovaSeq 6000	HG03452	GENOMIC	Restriction Digest	WGS	HG03452_GT21-13136_ATCCACGA-GGCATACT_S14_L001_R2_001.fastq.gz	b392a4dab0b13e5d4998eebfaf8e44f0	same
ERR12952884	ena-RUN-TAB-25-04-2024-21:18:10:307-62717	Illumina NovaSeq 6000	2024-04-25T22:18:17		PRIVATE	Webin-56587	ERP159778	ERX12325081	ERS19136022	ERS19136022	PRJEB75193	GM20355_HiC_R1_42	Illumina NovaSeq 6000	NA20355	GENOMIC	Restriction Digest	WGS	GM20355_GT21-13139_CAACTCCA-GTAGGAGT_S19_L003_R1_001.fastq.gz	97ea561218a83c179838644ffd04230c	same
ERR12952885	ena-RUN-TAB-25-04-2024-21:18:10:309-62719	Illumina NovaSeq 6000	2024-04-25T22:18:17		PRIVATE	Webin-56587	ERP159778	ERX12325082	ERS19136024	ERS19136024	PRJEB75193	GM20355_HiC_R2_7	Illumina NovaSeq 6000	NA20355	GENOMIC	Restriction Digest	WGS	GM20355_GT21-13139_CAACTCCA-GTAGGAGT_S19_L003_R2_001.fastq.gz	b4f116e72eb25d82fa5cdc840915a51e	same
ERR12952896	ena-RUN-TAB-25-04-2024-21:18:10:320-62741	Illumina NovaSeq 6000	2024-04-25T22:18:17		PRIVATE	Webin-56587	ERP159778	ERX12325093	ERS19136026	ERS19136026	PRJEB75193	GM20355_HiC_R1_8	Illumina NovaSeq 6000	NA20355	GENOMIC	Restriction Digest	WGS	GM20355_GT21-13139_CAACTCCA-GTAGGAGT_S19_L001_R1_001.fastq.gz	d7bdecb4a210850d8b92914b6848d6a6	same
ERR12952922	ena-RUN-TAB-25-04-2024-21:18:10:349-62793	Illumina NovaSeq 6000	2024-04-25T22:18:17		PRIVATE	Webin-56587	ERP159778	ERX12325119	ERS19136028	ERS19136028	PRJEB75193	HG02059_HiC_R1_60	Illumina NovaSeq 6000	HG02059	GENOMIC	Restriction Digest	WGS	HG02059_GT21-13134_CGCTACAT-CGAGACTA_S12_L002_R1_001.fastq.gz	0f1e23b7b84eefd268de3c2906dc0d9f	same
ERR12952893	ena-RUN-TAB-25-04-2024-21:18:10:316-62735	Illumina NovaSeq 6000	2024-04-25T22:18:17		PRIVATE	Webin-56587	ERP159778	ERX12325090	ERS19136030	ERS19136030	PRJEB75193	HG01352_HiC_R2_12	Illumina NovaSeq 6000	HG01352	GENOMIC	Restriction Digest	WGS	HG01352_GT21-13133_TCAATCCG-TTCGCAGT_S159_L003_R2_001.fastq.gz	f3ca193e5ae0b8537bd94969211c5769	same
ERR12952916	ena-RUN-TAB-25-04-2024-21:18:10:341-62781	Illumina NovaSeq 6000	2024-04-25T22:18:17		PRIVATE	Webin-56587	ERP159778	ERX12325113	ERS19136032	ERS19136032	PRJEB75193	GM21487_HiC_R1_45	Illumina NovaSeq 6000	NA21487	GENOMIC	Restriction Digest	WGS	GM21487_GT21-13140_AAGCATCG-CTGGAGTA_S18_L001_R1_001.fastq.gz	a9609a37c3ed3797f0fad5416c2ef3e2	same
ERR12952951	ena-RUN-TAB-25-04-2024-21:18:10:387-62851	Illumina NovaSeq 6000	2024-04-25T22:18:18		PRIVATE	Webin-56587	ERP159778	ERX12325148	ERS19136034	ERS19136034	PRJEB75193	HG03452_HiC_R1_50	Illumina NovaSeq 6000	HG03452	GENOMIC	Restriction Digest	WGS	HG03452_GT21-13136_ATCCACGA-GGCATACT_S157_L003_R1_001.fastq.gz	8813fdddc3df05ee0d5ed8c30c7c1a27	same
ERR12952970	ena-RUN-TAB-25-04-2024-21:18:10:412-62889	Illumina NovaSeq 6000	2024-04-25T22:18:18		PRIVATE	Webin-56587	ERP159778	ERX12325167	ERS19136036	ERS19136036	PRJEB75193	HG04036_HiC_R1_29	Illumina NovaSeq 6000	HG04036	GENOMIC	Restriction Digest	WGS	HG04036_GT21-13137_ACGATCAG-CTTCACCA_S160_L003_R1_001.fastq.gz	86293a644e2c976d9d1147a76f11eddb	same
ERR12952948	ena-RUN-TAB-25-04-2024-21:18:10:383-62845	Illumina NovaSeq 6000	2024-04-25T22:18:18		PRIVATE	Webin-56587	ERP159778	ERX12325145	ERS19136037	ERS19136037	PRJEB75193	HG02059_HiC_R1_11	Illumina NovaSeq 6000	HG02059	GENOMIC	Restriction Digest	WGS	HG02059_GT21-13134_CGCTACAT-CGAGACTA_S12_L003_R1_001.fastq.gz	0d2836d2e539b528a3f43df9a588ad3b	same
ERR12952957	ena-RUN-TAB-25-04-2024-21:18:10:393-62863	Illumina NovaSeq 6000	2024-04-25T22:18:18		PRIVATE	Webin-56587	ERP159778	ERX12325154	ERS19136039	ERS19136039	PRJEB75193	HG02059_HiC_R2_64	Illumina NovaSeq 6000	HG02059	GENOMIC	Restriction Digest	WGS	HG02059_GT21-13134_CGCTACAT-CGAGACTA_S12_L003_R2_001.fastq.gz	eefe9eefbaab69f325edb3c93d5c141e	same
ERR12952942	ena-RUN-TAB-25-04-2024-21:18:10:375-62833	Illumina NovaSeq 6000	2024-04-25T22:18:17		PRIVATE	Webin-56587	ERP159778	ERX12325139	ERS19136041	ERS19136041	PRJEB75193	HG02059_HiC_R2_30	Illumina NovaSeq 6000	HG02059	GENOMIC	Restriction Digest	WGS	HG02059_GT21-13134_CGCTACAT-CGAGACTA_S12_L002_R2_001.fastq.gz	83d99dafdadeb8a7f1230ddab07a157c	same
ERR12952900	ena-RUN-TAB-25-04-2024-21:18:10:324-62749	Illumina NovaSeq 6000	2024-04-25T22:18:17		PRIVATE	Webin-56587	ERP159778	ERX12325097	ERS19136043	ERS19136043	PRJEB75193	HG04036_HiC_R2_34	Illumina NovaSeq 6000	HG04036	GENOMIC	Restriction Digest	WGS	HG04036_GT21-13137_ACGATCAG-CTTCACCA_S17_L004_R2_001.fastq.gz	b278b4c97c9aee0a0b1011b839734285	same
ERR12952904	ena-RUN-TAB-25-04-2024-21:18:10:328-62757	Illumina NovaSeq 6000	2024-04-25T22:18:17		PRIVATE	Webin-56587	ERP159778	ERX12325101	ERS19136045	ERS19136045	PRJEB75193	HG04036_HiC_R2_22	Illumina NovaSeq 6000	HG04036	GENOMIC	Restriction Digest	WGS	HG04036_GT21-13137_ACGATCAG-CTTCACCA_S17_L002_R2_001.fastq.gz	ffb55dfb1df0f9b78f22c7d4f4438d47	same
ERR12952978	ena-RUN-TAB-25-04-2024-21:18:10:422-62905	Illumina NovaSeq 6000	2024-04-25T22:18:18		PRIVATE	Webin-56587	ERP159778	ERX12325175	ERS19136047	ERS19136047	PRJEB75193	HG01352_HiC_R2_46	Illumina NovaSeq 6000	HG01352	GENOMIC	Restriction Digest	WGS	HG01352_GT21-13133_TCAATCCG-TTCGCAGT_S16_L001_R2_001.fastq.gz	97a93f9e19045daca6f2aa10ac70bbe2	same
ERR12952954	ena-RUN-TAB-25-04-2024-21:18:10:390-62857	Illumina NovaSeq 6000	2024-04-25T22:18:18		PRIVATE	Webin-56587	ERP159778	ERX12325151	ERS19136049	ERS19136049	PRJEB75193	GM21487_HiC_R2_20	Illumina NovaSeq 6000	NA21487	GENOMIC	Restriction Digest	WGS	GM21487_GT21-13140_AAGCATCG-CTGGAGTA_S18_L001_R2_001.fastq.gz	aa6260dcbac0ea036503d2dcc46b3680	same
ERR12952917	ena-RUN-TAB-25-04-2024-21:18:10:342-62783	Illumina NovaSeq 6000	2024-04-25T22:18:17		PRIVATE	Webin-56587	ERP159778	ERX12325114	ERS19136051	ERS19136051	PRJEB75193	GM20355_HiC_R2_28	Illumina NovaSeq 6000	NA20355	GENOMIC	Restriction Digest	WGS	GM20355_GT21-13139_CAACTCCA-GTAGGAGT_S19_L004_R2_001.fastq.gz	8732b27ad5210e08659568ba82329769	same
ERR12952919	ena-RUN-TAB-25-04-2024-21:18:10:345-62787	Illumina NovaSeq 6000	2024-04-25T22:18:17		PRIVATE	Webin-56587	ERP159778	ERX12325116	ERS19136053	ERS19136053	PRJEB75193	HG03452_HiC_R1_15	Illumina NovaSeq 6000	HG03452	GENOMIC	Restriction Digest	WGS	HG03452_GT21-13136_ATCCACGA-GGCATACT_S14_L004_R1_001.fastq.gz	94128b8d5209ee4bf13038f477b7be5f	same
