runId	run_alias	instrumentModel	firstCreated	firstPublic	releaseStatus	submissionAccountId	studyId	experimentId	sampleId	project_accession	sample_alias	library_name	library_source	library_selection	library_strategy	library_layout	file_name	file_md5	fileFormat	bytes	checksumMethod	checksum	archiveStatus
ERR13110621	ena-RUN-TAB-17-05-2024-00:20:55:647-143009	PromethION	5/17/2024 1:21		PRIVATE	Webin-67527	ERP160299	ERX12482239	ERS19850126	PRJEB75739	NA20847	NA20847_ONT_UL	GENOMIC	RANDOM	WGS	SINGLE	20230414_GM20847_UL_eee-prom1-2D-PAM00916_guppy-5.0.11-sup-prom_fastq_pass.fastq.gz	407e0f955f66792d06564f0cfeb93e17	FASTQ	9984142310	MD5	407e0f955f66792d06564f0cfeb93e17	File archived
ERR13110620	ena-RUN-TAB-17-05-2024-00:20:55:647-143007	PromethION	5/17/2024 1:21		PRIVATE	Webin-67527	ERP160299	ERX12482238	ERS19850126	PRJEB75739	NA20847	NA20847_ONT_UL	GENOMIC	RANDOM	WGS	SINGLE	20230413_GM20847_UL_eee-prom1-3C-PAK94133_guppy-5.0.11-sup-prom_fastq_pass.fastq.gz	64e34af63716a30a266e1f32d8ba6a9b	FASTQ	3693806863	MD5	64e34af63716a30a266e1f32d8ba6a9b	File archived
ERR13110619	ena-RUN-TAB-17-05-2024-00:20:55:646-143005	PromethION	5/17/2024 1:21		PRIVATE	Webin-67527	ERP160299	ERX12482237	ERS19850126	PRJEB75739	NA20847	NA20847_ONT_UL	GENOMIC	RANDOM	WGS	SINGLE	20230412_GM20847_UL_eee-prom1-3C-PAK94133_guppy-5.0.11-sup-prom_fastq_pass.fastq.gz	d131233aa766d4402a5e16b04cf2d714	FASTQ	5951976696	MD5	d131233aa766d4402a5e16b04cf2d714	File archived
ERR13110618	ena-RUN-TAB-17-05-2024-00:20:55:645-143003	PromethION	5/17/2024 1:21		PRIVATE	Webin-67527	ERP160299	ERX12482236	ERS19850126	PRJEB75739	NA20847	NA20847_ONT_UL	GENOMIC	RANDOM	WGS	SINGLE	20230411_GM20847_UL_eee-prom1-3C-PAK94133_guppy-5.0.11-sup-prom_fastq_pass.fastq.gz	1085d4e7a6a5ea79238937c64c43734c	FASTQ	13468370018	MD5	1085d4e7a6a5ea79238937c64c43734c	File archived
ERR13110617	ena-RUN-TAB-17-05-2024-00:20:55:645-143001	PromethION	5/17/2024 1:21		PRIVATE	Webin-67527	ERP160299	ERX12482235	ERS19850126	PRJEB75739	NA20847	NA20847_ONT_UL	GENOMIC	RANDOM	WGS	SINGLE	20230405_GM20847_UL_eee-prom1-2D-PAK87862_guppy-5.0.11-sup-prom_fastq_pass.fastq.gz	daf2299a911141b01a3f522cf7483bad	FASTQ	15913956700	MD5	daf2299a911141b01a3f522cf7483bad	File archived
ERR13110616	ena-RUN-TAB-17-05-2024-00:20:55:644-142999	PromethION	5/17/2024 1:21		PRIVATE	Webin-67527	ERP160299	ERX12482234	ERS19850126	PRJEB75739	NA20847	NA20847_ONT_UL	GENOMIC	RANDOM	WGS	SINGLE	20230404_GM20847_UL_eee-prom1-2E-PAK87626_guppy-5.0.11-sup-prom_fastq_pass.fastq.gz	41fb1df6b8d3f6ad88b8b9bd0295b156	FASTQ	34155434208	MD5	41fb1df6b8d3f6ad88b8b9bd0295b156	File archived
ERR13110615	ena-RUN-TAB-17-05-2024-00:20:55:644-142997	PromethION	5/17/2024 1:21		PRIVATE	Webin-67527	ERP160299	ERX12482233	ERS19850126	PRJEB75739	NA20847	NA20847_ONT_UL	GENOMIC	RANDOM	WGS	SINGLE	20230404_GM20847_UL_eee-prom1-2D-PAK87862_guppy-5.0.11-sup-prom_fastq_pass.fastq.gz	4ba7d3b77e22c09384d504512cc0b665	FASTQ	19673592366	MD5	4ba7d3b77e22c09384d504512cc0b665	File archived
ERR13110614	ena-RUN-TAB-17-05-2024-00:20:55:643-142995	PromethION	5/17/2024 1:21		PRIVATE	Webin-67527	ERP160299	ERX12482232	ERS19850125	PRJEB75739	NA19240	NA19240_ONT_UL	GENOMIC	RANDOM	WGS	SINGLE	20230414_GM19240_UL_eee-prom1-2C-PAK90224_guppy-5.0.11-sup-prom_fastq_pass.fastq.gz	6653a0c1969caa5d7bc2ea42a5a56c2a	FASTQ	12828969035	MD5	6653a0c1969caa5d7bc2ea42a5a56c2a	File archived
ERR13110613	ena-RUN-TAB-17-05-2024-00:20:55:642-142993	PromethION	5/17/2024 1:21		PRIVATE	Webin-67527	ERP160299	ERX12482231	ERS19850125	PRJEB75739	NA19240	NA19240_ONT_UL	GENOMIC	RANDOM	WGS	SINGLE	20230413_GM19240_UL_eee-prom1-2E-PAM01184_guppy-5.0.11-sup-prom_fastq_pass.fastq.gz	a2844aa2ae1da1e96f9afa8f5950127d	FASTQ	31422573028	MD5	a2844aa2ae1da1e96f9afa8f5950127d	File archived
ERR13110612	ena-RUN-TAB-17-05-2024-00:20:55:642-142991	PromethION	5/17/2024 1:21		PRIVATE	Webin-67527	ERP160299	ERX12482230	ERS19850125	PRJEB75739	NA19240	NA19240_ONT_UL	GENOMIC	RANDOM	WGS	SINGLE	20230412_GM19240_UL_eee-prom1-3D-PAK98068_guppy-5.0.11-sup-prom_fastq_pass.fastq.gz	ee2560b1029d2c964ec6b3c16795bac8	FASTQ	1853770887	MD5	ee2560b1029d2c964ec6b3c16795bac8	File archived
ERR13110611	ena-RUN-TAB-17-05-2024-00:20:55:641-142989	PromethION	5/17/2024 1:21		PRIVATE	Webin-67527	ERP160299	ERX12482229	ERS19850125	PRJEB75739	NA19240	NA19240_ONT_UL	GENOMIC	RANDOM	WGS	SINGLE	20230411_GM19240_UL_eee-prom1-3D-PAK98068_guppy-5.0.11-sup-prom_fastq_pass.fastq.gz	d71e7d6e2e95a30e3b0a39b8bb0692ff	FASTQ	4677978361	MD5	d71e7d6e2e95a30e3b0a39b8bb0692ff	File archived
ERR13110610	ena-RUN-TAB-17-05-2024-00:20:55:640-142987	PromethION	5/17/2024 1:21		PRIVATE	Webin-67527	ERP160299	ERX12482228	ERS19850125	PRJEB75739	NA19240	NA19240_ONT_UL	GENOMIC	RANDOM	WGS	SINGLE	20230406_GM19240_UL_eee-prom1-2H-PAK98241_guppy-5.0.11-sup-prom_fastq_pass.fastq.gz	ddc24cfee94571ac98825062cf468e79	FASTQ	20743402066	MD5	ddc24cfee94571ac98825062cf468e79	File archived
ERR13110609	ena-RUN-TAB-17-05-2024-00:20:55:640-142985	PromethION	5/17/2024 1:21		PRIVATE	Webin-67527	ERP160299	ERX12482227	ERS19850125	PRJEB75739	NA19240	NA19240_ONT_UL	GENOMIC	RANDOM	WGS	SINGLE	20230406_GM19240_UL_eee-prom1-2F-PAK69241_guppy-5.0.11-sup-prom_fastq_pass.fastq.gz	5358400b95fb93b52b6033756d94ac43	FASTQ	14782693147	MD5	5358400b95fb93b52b6033756d94ac43	File archived
ERR13110608	ena-RUN-TAB-17-05-2024-00:20:55:639-142983	PromethION	5/17/2024 1:21		PRIVATE	Webin-67527	ERP160299	ERX12482226	ERS19850125	PRJEB75739	NA19240	NA19240_ONT_UL	GENOMIC	RANDOM	WGS	SINGLE	20230405_GM19240_UL_eee-prom1-2G-PAK68964_guppy-5.0.11-sup-prom_fastq_pass.fastq.gz	4db95c9d995f67313d42fa930f189d93	FASTQ	28895420171	MD5	4db95c9d995f67313d42fa930f189d93	File archived
ERR13110607	ena-RUN-TAB-17-05-2024-00:20:55:638-142981	PromethION	5/17/2024 1:21		PRIVATE	Webin-67527	ERP160299	ERX12482225	ERS19850125	PRJEB75739	NA19240	NA19240_ONT_UL	GENOMIC	RANDOM	WGS	SINGLE	20230405_GM19240_UL_eee-prom1-2F-PAK69241_guppy-5.0.11-sup-prom_fastq_pass.fastq.gz	696992d45390523ca5d9187970da8edc	FASTQ	13595437923	MD5	696992d45390523ca5d9187970da8edc	File archived
ERR13110606	ena-RUN-TAB-17-05-2024-00:20:55:638-142979	PromethION	5/17/2024 1:21		PRIVATE	Webin-67527	ERP160299	ERX12482224	ERS19850125	PRJEB75739	NA19240	NA19240_ONT_UL	GENOMIC	RANDOM	WGS	SINGLE	20230328_GM19240_UL_eee-prom1-2H-PAK84678_guppy-5.0.11-sup-prom_fastq_pass.fastq.gz	4dddc0382dbd0c83bdcc2cd0db164dc7	FASTQ	10853639359	MD5	4dddc0382dbd0c83bdcc2cd0db164dc7	File archived
ERR13110605	ena-RUN-TAB-17-05-2024-00:20:55:637-142977	PromethION	5/17/2024 1:21		PRIVATE	Webin-67527	ERP160299	ERX12482223	ERS19850125	PRJEB75739	NA19240	NA19240_ONT_UL	GENOMIC	RANDOM	WGS	SINGLE	20230328_GM19240_UL_eee-prom1-2G-PAK58474_guppy-5.0.11-sup-prom_fastq_pass.fastq.gz	79af45a3f830fc29192c7e2b9eeef743	FASTQ	20582012631	MD5	79af45a3f830fc29192c7e2b9eeef743	File archived
ERR13110604	ena-RUN-TAB-17-05-2024-00:20:55:636-142975	Revio	5/17/2024 1:21		PRIVATE	Webin-67527	ERP160299	ERX12482222	ERS19850124	PRJEB75739	NA19239	NA19239_PacBio_HiFi	GENOMIC	size fractionation	WGS	SINGLE	m84046_240110_194223_s4.hifi_reads.bc2015.fastq.gz	ebfeb4289dbb4831b265affc02ff98fb	FASTQ	51065216034	MD5	ebfeb4289dbb4831b265affc02ff98fb	File archived
ERR13110603	ena-RUN-TAB-17-05-2024-00:20:55:636-142973	Revio	5/17/2024 1:21		PRIVATE	Webin-67527	ERP160299	ERX12482221	ERS19850123	PRJEB75739	NA19238	NA19238_PacBio_HiFi	GENOMIC	size fractionation	WGS	SINGLE	m84046_240104_192912_s1.hifi_reads.bc2028.fastq.gz	5405d67eeca61d20a0d9a5fd08caca48	FASTQ	35915377952	MD5	5405d67eeca61d20a0d9a5fd08caca48	File archived
ERR13110602	ena-RUN-TAB-17-05-2024-00:20:55:635-142971	Revio	5/17/2024 1:21		PRIVATE	Webin-67527	ERP160299	ERX12482220	ERS19850123	PRJEB75739	NA19238	NA19238_PacBio_HiFi	GENOMIC	size fractionation	WGS	SINGLE	m84046_231215_191814_s3.hifi_reads.bc2072.fastq.gz	d92dc83a86ce198a053c894434cdc103	FASTQ	44200280837	MD5	d92dc83a86ce198a053c894434cdc103	File archived
ERR13110601	ena-RUN-TAB-17-05-2024-00:20:55:634-142969	Sequel II	5/17/2024 1:21		PRIVATE	Webin-67527	ERP160299	ERX12482219	ERS19850123	PRJEB75739	NA19238	NA19238_PacBio_HiFi	GENOMIC	size fractionation	WGS	SINGLE	m54329U_230421_162210-bc2060.hifi_reads.fastq.gz	bd0e61605f2efaa297e94a1305dfabb0	FASTQ	34255344620	MD5	bd0e61605f2efaa297e94a1305dfabb0	File archived
ERR13110600	ena-RUN-TAB-17-05-2024-00:20:55:634-142967	Sequel II	5/17/2024 1:21		PRIVATE	Webin-67527	ERP160299	ERX12482218	ERS19850123	PRJEB75739	NA19238	NA19238_PacBio_HiFi	GENOMIC	size fractionation	WGS	SINGLE	m54329U_230420_071335-bc2060.hifi_reads.fastq.gz	17e5aa51c8a2a313ed445d7dfbb8b8e1	FASTQ	33668719071	MD5	17e5aa51c8a2a313ed445d7dfbb8b8e1	File archived
ERR13110599	ena-RUN-TAB-17-05-2024-00:20:55:633-142965	Sequel II	5/17/2024 1:21		PRIVATE	Webin-67527	ERP160299	ERX12482217	ERS19850123	PRJEB75739	NA19238	NA19238_PacBio_HiFi	GENOMIC	size fractionation	WGS	SINGLE	m54329U_230418_220048-bc2060.hifi_reads.fastq.gz	775d9e6a64d317642b752f4df0ffcc73	FASTQ	32176572008	MD5	775d9e6a64d317642b752f4df0ffcc73	File archived
ERR13110598	ena-RUN-TAB-17-05-2024-00:20:55:632-142963	PromethION	5/17/2024 1:21		PRIVATE	Webin-67527	ERP160299	ERX12482216	ERS19850123	PRJEB75739	NA19238	NA19238_ONT_UL	GENOMIC	RANDOM	WGS	SINGLE	20230518_GM19238_UL_eee-prom1-1C-PAO38706_guppy-5.0.11-sup-prom_fastq_pass.fastq.gz	f0f92133b0d053b76027e672d1c50ab4	FASTQ	12474971867	MD5	f0f92133b0d053b76027e672d1c50ab4	File archived
ERR13110597	ena-RUN-TAB-17-05-2024-00:20:55:632-142961	PromethION	5/17/2024 1:21		PRIVATE	Webin-67527	ERP160299	ERX12482215	ERS19850123	PRJEB75739	NA19238	NA19238_ONT_UL	GENOMIC	RANDOM	WGS	SINGLE	20230516_GM19238_UL_eee-prom1-3C-PAO38706_guppy-5.0.11-sup-prom_fastq_pass.fastq.gz	015183e299b52e362f74619e504e9820	FASTQ	28238554268	MD5	015183e299b52e362f74619e504e9820	File archived
ERR13110596	ena-RUN-TAB-17-05-2024-00:20:55:631-142959	PromethION	5/17/2024 1:21		PRIVATE	Webin-67527	ERP160299	ERX12482214	ERS19850123	PRJEB75739	NA19238	NA19238_ONT_UL	GENOMIC	RANDOM	WGS	SINGLE	20230509_GM19238_UL_eee-prom1-2H-PAO54690_guppy-5.0.11-sup-prom_fastq_pass.fastq.gz	cc5a8eecede85f7c85773306f7b43b1d	FASTQ	30986368932	MD5	cc5a8eecede85f7c85773306f7b43b1d	File archived
ERR13110595	ena-RUN-TAB-17-05-2024-00:20:55:631-142957	PromethION	5/17/2024 1:21		PRIVATE	Webin-67527	ERP160299	ERX12482213	ERS19850123	PRJEB75739	NA19238	NA19238_ONT_UL	GENOMIC	RANDOM	WGS	SINGLE	20230509_GM19238_UL_eee-prom1-2G-PAO54700_guppy-5.0.11-sup-prom_fastq_pass.fastq.gz	82f8c253f8d3f12ed270ca81436b2bb8	FASTQ	32482655144	MD5	82f8c253f8d3f12ed270ca81436b2bb8	File archived
ERR13110594	ena-RUN-TAB-17-05-2024-00:20:55:630-142955	PromethION	5/17/2024 1:21		PRIVATE	Webin-67527	ERP160299	ERX12482212	ERS19850123	PRJEB75739	NA19238	NA19238_ONT_UL	GENOMIC	RANDOM	WGS	SINGLE	20230509_GM19238_UL_eee-prom1-2F-PAO54661_guppy-5.0.11-sup-prom_fastq_pass.fastq.gz	6602c66cfb3058676a82be2b740a0668	FASTQ	34532182530	MD5	6602c66cfb3058676a82be2b740a0668	File archived
ERR13110593	ena-RUN-TAB-17-05-2024-00:20:55:629-142953	Sequel II	5/17/2024 1:21		PRIVATE	Webin-67527	ERP160299	ERX12482211	ERS19850122	PRJEB75739	NA18939	NA18939_PacBio_HiFi	GENOMIC	size fractionation	WGS	SINGLE	m64076_230717_214340-bc2082.hifi_reads.fastq.gz	6180ae6b117fef286c5d22644c990766	FASTQ	32163272889	MD5	6180ae6b117fef286c5d22644c990766	File archived
ERR13110592	ena-RUN-TAB-17-05-2024-00:20:55:629-142951	Sequel II	5/17/2024 1:21		PRIVATE	Webin-67527	ERP160299	ERX12482210	ERS19850122	PRJEB75739	NA18939	NA18939_PacBio_HiFi	GENOMIC	size fractionation	WGS	SINGLE	m64076_220405_084052.hifi_reads.fastq.gz	1228b49c1996077219c32f468cbeb54b	FASTQ	24492062871	MD5	1228b49c1996077219c32f468cbeb54b	File archived
ERR13110591	ena-RUN-TAB-17-05-2024-00:20:55:628-142949	Sequel II	5/17/2024 1:21		PRIVATE	Webin-67527	ERP160299	ERX12482209	ERS19850122	PRJEB75739	NA18939	NA18939_PacBio_HiFi	GENOMIC	size fractionation	WGS	SINGLE	m64076_220403_214315.hifi_reads.fastq.gz	3d8379dac18d5157274bda6b1c276e5d	FASTQ	25156491864	MD5	3d8379dac18d5157274bda6b1c276e5d	File archived
ERR13110590	ena-RUN-TAB-17-05-2024-00:20:55:627-142947	Sequel II	5/17/2024 1:21		PRIVATE	Webin-67527	ERP160299	ERX12482208	ERS19850122	PRJEB75739	NA18939	NA18939_PacBio_HiFi	GENOMIC	size fractionation	WGS	SINGLE	m64076_220402_104632.hifi_reads.fastq.gz	152bfe467acc841888a9ca6ab1d6f343	FASTQ	25830527104	MD5	152bfe467acc841888a9ca6ab1d6f343	File archived
ERR13110589	ena-RUN-TAB-17-05-2024-00:20:55:627-142945	PromethION	5/17/2024 1:21		PRIVATE	Webin-67527	ERP160299	ERX12482207	ERS19850122	PRJEB75739	NA18939	NA18939_ONT_UL	GENOMIC	RANDOM	WGS	SINGLE	20230308_NA18939_UL_eee-prom1-3H-PAK58744_guppy-5.0.11-sup-prom_fastq_pass.fastq.gz	ea01e3a039932d267563c33e3a5e305a	FASTQ	8341001109	MD5	ea01e3a039932d267563c33e3a5e305a	File archived
ERR13110588	ena-RUN-TAB-17-05-2024-00:20:55:626-142943	PromethION	5/17/2024 1:21		PRIVATE	Webin-67527	ERP160299	ERX12482206	ERS19850122	PRJEB75739	NA18939	NA18939_ONT_UL	GENOMIC	RANDOM	WGS	SINGLE	20230308_NA18939_UL_eee-prom1-2G-PAK69254_guppy-5.0.11-sup-prom_fastq_pass.fastq.gz	71c484af8f28bb57f948a2da4cc53cc4	FASTQ	13796573266	MD5	71c484af8f28bb57f948a2da4cc53cc4	File archived
ERR13110587	ena-RUN-TAB-17-05-2024-00:20:55:625-142941	PromethION	5/17/2024 1:21		PRIVATE	Webin-67527	ERP160299	ERX12482205	ERS19850122	PRJEB75739	NA18939	NA18939_ONT_UL	GENOMIC	RANDOM	WGS	SINGLE	20230307_NA18939_UL_eee-prom1-3H-PAK58744_guppy-5.0.11-sup-prom_fastq_pass.fastq.gz	bda75b876b6a214bf68f212c26dc02fd	FASTQ	8363772212	MD5	bda75b876b6a214bf68f212c26dc02fd	File archived
ERR13110586	ena-RUN-TAB-17-05-2024-00:20:55:625-142939	PromethION	5/17/2024 1:21		PRIVATE	Webin-67527	ERP160299	ERX12482204	ERS19850122	PRJEB75739	NA18939	NA18939_ONT_UL	GENOMIC	RANDOM	WGS	SINGLE	20230302_NA18939_UL_eee-prom1-2C-PAK90073_guppy-5.0.11-sup-prom_fastq_pass.fastq.gz	eb9daf9c115a8531f4dc116bbfb17d5c	FASTQ	16747537445	MD5	eb9daf9c115a8531f4dc116bbfb17d5c	File archived
ERR13110585	ena-RUN-TAB-17-05-2024-00:20:55:624-142937	PromethION	5/17/2024 1:21		PRIVATE	Webin-67527	ERP160299	ERX12482203	ERS19850122	PRJEB75739	NA18939	NA18939_ONT_UL	GENOMIC	RANDOM	WGS	SINGLE	20230301_NA18939_UL_eee-prom1-3H-PAM45663_guppy-5.0.11-sup-prom_fastq_pass.fastq.gz	98d82287c387a19782ea5ba481fc8930	FASTQ	15305951713	MD5	98d82287c387a19782ea5ba481fc8930	File archived
ERR13110584	ena-RUN-TAB-17-05-2024-00:20:55:623-142935	PromethION	5/17/2024 1:21		PRIVATE	Webin-67527	ERP160299	ERX12482202	ERS19850122	PRJEB75739	NA18939	NA18939_ONT_UL	GENOMIC	RANDOM	WGS	SINGLE	20230228_NA18939_UL_eee-prom1-3H-PAM45663_guppy-5.0.11-sup-prom_fastq_pass.fastq.gz	f23b83f07961fc0717d27c31fd124237	FASTQ	7463255152	MD5	f23b83f07961fc0717d27c31fd124237	File archived
ERR13110583	ena-RUN-TAB-17-05-2024-00:20:55:623-142933	PromethION	5/17/2024 1:21		PRIVATE	Webin-67527	ERP160299	ERX12482201	ERS19850122	PRJEB75739	NA18939	NA18939_ONT_UL	GENOMIC	RANDOM	WGS	SINGLE	20230228_NA18939_UL_eee-prom1-2H-PAM27874_guppy-5.0.11-sup-prom_fastq_pass.fastq.gz	f6155e06059bf6d27fac6e65a9078029	FASTQ	21964203251	MD5	f6155e06059bf6d27fac6e65a9078029	File archived
ERR13110582	ena-RUN-TAB-17-05-2024-00:20:55:622-142931	PromethION	5/17/2024 1:21		PRIVATE	Webin-67527	ERP160299	ERX12482200	ERS19850121	PRJEB75739	NA12329	NA12329_ONT_UL	GENOMIC	RANDOM	WGS	SINGLE	20230627_GM12329_UL_eee-prom1-2D-PAM99130_guppy-5.0.11-sup-prom_fastq_pass.fastq.gz	9eebe51264dfa45287f910281c14097b	FASTQ	24404956424	MD5	9eebe51264dfa45287f910281c14097b	File archived
ERR13110581	ena-RUN-TAB-17-05-2024-00:20:55:622-142929	PromethION	5/17/2024 1:21		PRIVATE	Webin-67527	ERP160299	ERX12482199	ERS19850121	PRJEB75739	NA12329	NA12329_ONT_UL	GENOMIC	RANDOM	WGS	SINGLE	20230627_GM12329_UL_eee-prom1-2C-PAM99144_guppy-5.0.11-sup-prom_fastq_pass.fastq.gz	f31d794b1c17bcd359c3e8cdea90ad48	FASTQ	29785821421	MD5	f31d794b1c17bcd359c3e8cdea90ad48	File archived
ERR13110580	ena-RUN-TAB-17-05-2024-00:20:55:621-142927	PromethION	5/17/2024 1:21		PRIVATE	Webin-67527	ERP160299	ERX12482198	ERS19850121	PRJEB75739	NA12329	NA12329_ONT_UL	GENOMIC	RANDOM	WGS	SINGLE	20221228_GM12329_UL_eee-prom1-2B-PAG68635_guppy-5.0.11-sup-prom_fastq_pass.fastq.gz	09be7fc62017a90ce850b679cf967461	FASTQ	18436722504	MD5	09be7fc62017a90ce850b679cf967461	File archived
ERR13110579	ena-RUN-TAB-17-05-2024-00:20:55:620-142925	PromethION	5/17/2024 1:21		PRIVATE	Webin-67527	ERP160299	ERX12482197	ERS19850121	PRJEB75739	NA12329	NA12329_ONT_UL	GENOMIC	RANDOM	WGS	SINGLE	20221220_GM12329_UL_eee-prom1-2D-PAG67852_guppy-5.0.11-sup-prom_fastq_pass.fastq.gz	7df55d6b91495a19378986fe4165f45b	FASTQ	30476302238	MD5	7df55d6b91495a19378986fe4165f45b	File archived
ERR13110578	ena-RUN-TAB-17-05-2024-00:20:55:620-142923	PromethION	5/17/2024 1:21		PRIVATE	Webin-67527	ERP160299	ERX12482196	ERS19850121	PRJEB75739	NA12329	NA12329_ONT_UL	GENOMIC	RANDOM	WGS	SINGLE	20221214_GM12329_UL_eee-prom1-2F-PAK34773_guppy-5.0.11-sup-prom_fastq_pass.fastq.gz	469dbbb4ec6590154fad37381d2b352d	FASTQ	3528419434	MD5	469dbbb4ec6590154fad37381d2b352d	File archived
ERR13110577	ena-RUN-TAB-17-05-2024-00:20:55:619-142921	PromethION	5/17/2024 1:21		PRIVATE	Webin-67527	ERP160299	ERX12482195	ERS19850121	PRJEB75739	NA12329	NA12329_ONT_UL	GENOMIC	RANDOM	WGS	SINGLE	20221214_GM12329_UL_eee-prom1-2C-PAG67658_guppy-5.0.11-sup-prom_fastq_pass.fastq.gz	f7f9110db5ad6f61eacf28eb1fab9d6e	FASTQ	8282120983	MD5	f7f9110db5ad6f61eacf28eb1fab9d6e	File archived
ERR13110576	ena-RUN-TAB-17-05-2024-00:20:55:618-142919	PromethION	5/17/2024 1:21		PRIVATE	Webin-67527	ERP160299	ERX12482194	ERS19850121	PRJEB75739	NA12329	NA12329_ONT_UL	GENOMIC	RANDOM	WGS	SINGLE	20221213_GM12329_UL_eee-prom1-2C-PAG67658_guppy-5.0.11-sup-prom_fastq_pass.fastq.gz	2a14b9917352b9fc35386bd3dae73d58	FASTQ	13977275931	MD5	2a14b9917352b9fc35386bd3dae73d58	File archived
ERR13110567	ena-RUN-TAB-17-05-2024-00:20:55:613-142901	Sequel II	5/17/2024 1:21		PRIVATE	Webin-67527	ERP160299	ERX12482185	ERS19850119	PRJEB75739	HG02587	HG02587_PacBio_HiFi	GENOMIC	size fractionation	WGS	SINGLE	m64076_220219_025128-bc1001.hifi_reads.fastq.gz	c336c74e1e0952f44a1ee78245ab7037	FASTQ	2286356350	MD5	c336c74e1e0952f44a1ee78245ab7037	File archived
ERR13110566	ena-RUN-TAB-17-05-2024-00:20:55:612-142899	Sequel II	5/17/2024 1:21		PRIVATE	Webin-67527	ERP160299	ERX12482184	ERS19850119	PRJEB75739	HG02587	HG02587_PacBio_HiFi	GENOMIC	size fractionation	WGS	SINGLE	m54329U_220331_234450.hifi_reads.fastq.gz	88df4be0017bbc8604471642468ade37	FASTQ	29544744522	MD5	88df4be0017bbc8604471642468ade37	File archived
ERR13110571	ena-RUN-TAB-17-05-2024-00:20:55:615-142909	Sequel II	5/17/2024 1:21		PRIVATE	Webin-67527	ERP160299	ERX12482189	ERS19850119	PRJEB75739	HG02587	HG02587_PacBio_HiFi	GENOMIC	size fractionation	WGS	SINGLE	m64076_220331_235118.hifi_reads.fastq.gz	92368e0c4149258fb7c587e805635c66	FASTQ	28214888910	MD5	92368e0c4149258fb7c587e805635c66	File archived
ERR13110570	ena-RUN-TAB-17-05-2024-00:20:55:614-142907	Sequel II	5/17/2024 1:21		PRIVATE	Webin-67527	ERP160299	ERX12482188	ERS19850119	PRJEB75739	HG02587	HG02587_PacBio_HiFi	GENOMIC	size fractionation	WGS	SINGLE	m64076_220327_030804.hifi_reads.fastq.gz	233b9ba2270e9c335f2e9948ea6cdf66	FASTQ	26733416562	MD5	233b9ba2270e9c335f2e9948ea6cdf66	File archived
ERR13110569	ena-RUN-TAB-17-05-2024-00:20:55:614-142905	Sequel II	5/17/2024 1:21		PRIVATE	Webin-67527	ERP160299	ERX12482187	ERS19850119	PRJEB75739	HG02587	HG02587_PacBio_HiFi	GENOMIC	size fractionation	WGS	SINGLE	m64076_220220_134423.hifi_reads.fastq.gz	c3aab9e07183efb470088797c3dd3aec	FASTQ	734954274	MD5	c3aab9e07183efb470088797c3dd3aec	File archived
ERR13110568	ena-RUN-TAB-17-05-2024-00:20:55:613-142903	Sequel II	5/17/2024 1:21		PRIVATE	Webin-67527	ERP160299	ERX12482186	ERS19850119	PRJEB75739	HG02587	HG02587_PacBio_HiFi	GENOMIC	size fractionation	WGS	SINGLE	m64076_220219_025128-bc1002.hifi_reads.fastq.gz	30b361c72754c593b9be55f204f623fc	FASTQ	7865207158	MD5	30b361c72754c593b9be55f204f623fc	File archived
ERR13110565	ena-RUN-TAB-17-05-2024-00:20:55:611-142897	Sequel II	5/17/2024 1:21		PRIVATE	Webin-67527	ERP160299	ERX12482183	ERS19850118	PRJEB75739	HG01573	HG01573_PacBio_HiFi	GENOMIC	size fractionation	WGS	SINGLE	m64076_220321_213115.hifi_reads.fastq.gz	0207da74423704eb0aee13ad95333cd0	FASTQ	34632201066	MD5	0207da74423704eb0aee13ad95333cd0	File archived
ERR13110564	ena-RUN-TAB-17-05-2024-00:20:55:611-142895	Sequel II	5/17/2024 1:21		PRIVATE	Webin-67527	ERP160299	ERX12482182	ERS19850118	PRJEB75739	HG01573	HG01573_PacBio_HiFi	GENOMIC	size fractionation	WGS	SINGLE	m64076_220320_103439.hifi_reads.fastq.gz	3902515de5eb4b81613a6592b4ea8a31	FASTQ	34092686942	MD5	3902515de5eb4b81613a6592b4ea8a31	File archived
ERR13110563	ena-RUN-TAB-17-05-2024-00:20:55:610-142893	Sequel II	5/17/2024 1:21		PRIVATE	Webin-67527	ERP160299	ERX12482181	ERS19850118	PRJEB75739	HG01573	HG01573_PacBio_HiFi	GENOMIC	size fractionation	WGS	SINGLE	m64076_220316_013247.hifi_reads.fastq.gz	c7db878eb9c8eab3be68a84cce93a0af	FASTQ	32636543097	MD5	c7db878eb9c8eab3be68a84cce93a0af	File archived
ERR13110562	ena-RUN-TAB-17-05-2024-00:20:55:609-142891	Sequel II	5/17/2024 1:21		PRIVATE	Webin-67527	ERP160299	ERX12482180	ERS19850117	PRJEB75739	HG01352	HG01352_PacBio_HiFi	GENOMIC	size fractionation	WGS	SINGLE	m64076_210321_010456.hifi_reads.fastq.gz	695d223080a42d39621072c66128d181	FASTQ	15179560087	MD5	695d223080a42d39621072c66128d181	File archived
ERR13110561	ena-RUN-TAB-17-05-2024-00:20:55:609-142889	Sequel II	5/17/2024 1:21		PRIVATE	Webin-67527	ERP160299	ERX12482179	ERS19850116	PRJEB75739	HG01114	HG01114_PacBio_HiFi	GENOMIC	size fractionation	WGS	SINGLE	m64076_220301_101421.hifi_reads.fastq.gz	09facb3638b5ca2b23a16a296ec94546	FASTQ	32609621655	MD5	09facb3638b5ca2b23a16a296ec94546	File archived
ERR13110560	ena-RUN-TAB-17-05-2024-00:20:55:608-142887	Sequel II	5/17/2024 1:21		PRIVATE	Webin-67527	ERP160299	ERX12482178	ERS19850116	PRJEB75739	HG01114	HG01114_PacBio_HiFi	GENOMIC	size fractionation	WGS	SINGLE	m64076_220227_232002.hifi_reads.fastq.gz	7e5aafaf500a0d821e00a393ef97382e	FASTQ	31900458623	MD5	7e5aafaf500a0d821e00a393ef97382e	File archived
ERR13110559	ena-RUN-TAB-17-05-2024-00:20:55:607-142885	Sequel II	5/17/2024 1:21		PRIVATE	Webin-67527	ERP160299	ERX12482177	ERS19850116	PRJEB75739	HG01114	HG01114_PacBio_HiFi	GENOMIC	size fractionation	WGS	SINGLE	m64076_220222_003816.hifi_reads.fastq.gz	60e12ac14f526aff19e517cabf49db35	FASTQ	27019632928	MD5	60e12ac14f526aff19e517cabf49db35	File archived
ERR13110558	ena-RUN-TAB-17-05-2024-00:20:55:607-142883	PromethION	5/17/2024 1:21		PRIVATE	Webin-67527	ERP160299	ERX12482176	ERS19850115	PRJEB75739	HG00864	HG00864_ONT_UL	GENOMIC	RANDOM	WGS	SINGLE	20230426_HG00864_UL_eee-prom1-3C-PAK78782_guppy-5.0.11-sup-prom_fastq_pass.fastq.gz	db94cb1f9edc93f070301d3ad11a963e	FASTQ	36495208519	MD5	db94cb1f9edc93f070301d3ad11a963e	File archived
ERR13110557	ena-RUN-TAB-17-05-2024-00:20:55:606-142881	PromethION	5/17/2024 1:21		PRIVATE	Webin-67527	ERP160299	ERX12482175	ERS19850115	PRJEB75739	HG00864	HG00864_ONT_UL	GENOMIC	RANDOM	WGS	SINGLE	20230420_HG00864_UL_eee-prom1-3A-PAK98600_guppy-5.0.11-sup-prom_fastq_pass.fastq.gz	6dc9f5469ed46440c79b1f7f45059c48	FASTQ	5515533865	MD5	6dc9f5469ed46440c79b1f7f45059c48	File archived
ERR13110556	ena-RUN-TAB-17-05-2024-00:20:55:606-142879	PromethION	5/17/2024 1:21		PRIVATE	Webin-67527	ERP160299	ERX12482174	ERS19850115	PRJEB75739	HG00864	HG00864_ONT_UL	GENOMIC	RANDOM	WGS	SINGLE	20230419_HG00864_UL_eee-prom1-3A-PAK98600_guppy-5.0.11-sup-prom_fastq_pass.fastq.gz	eb95afd30819794d9421e68cf8d2f717	FASTQ	7630968023	MD5	eb95afd30819794d9421e68cf8d2f717	File archived
ERR13110555	ena-RUN-TAB-17-05-2024-00:20:55:605-142877	PromethION	5/17/2024 1:21		PRIVATE	Webin-67527	ERP160299	ERX12482173	ERS19850115	PRJEB75739	HG00864	HG00864_ONT_UL	GENOMIC	RANDOM	WGS	SINGLE	20230418_HG00864_UL_eee-prom1-3A-PAK98600_guppy-5.0.11-sup-prom_fastq_pass.fastq.gz	19095d3c1de17175964464161a6b60ae	FASTQ	14527106394	MD5	19095d3c1de17175964464161a6b60ae	File archived
ERR13110554	ena-RUN-TAB-17-05-2024-00:20:55:604-142875	PromethION	5/17/2024 1:21		PRIVATE	Webin-67527	ERP160299	ERX12482172	ERS19850115	PRJEB75739	HG00864	HG00864_ONT_UL	GENOMIC	RANDOM	WGS	SINGLE	20230413_HG00864_UL_eee-prom1-3B-PAK94081_guppy-5.0.11-sup-prom_fastq_pass.fastq.gz	eeac51e0712419baf5fd931ead8cf601	FASTQ	6217321608	MD5	eeac51e0712419baf5fd931ead8cf601	File archived
ERR13110553	ena-RUN-TAB-17-05-2024-00:20:55:604-142873	PromethION	5/17/2024 1:21		PRIVATE	Webin-67527	ERP160299	ERX12482171	ERS19850115	PRJEB75739	HG00864	HG00864_ONT_UL	GENOMIC	RANDOM	WGS	SINGLE	20230413_HG00864_UL_eee-prom1-2D-PAM00916_guppy-5.0.11-sup-prom_fastq_pass.fastq.gz	9b5a35ef332db5d2376dfdfdc5da367a	FASTQ	12522258483	MD5	9b5a35ef332db5d2376dfdfdc5da367a	File archived
ERR13110552	ena-RUN-TAB-17-05-2024-00:20:55:603-142871	PromethION	5/17/2024 1:21		PRIVATE	Webin-67527	ERP160299	ERX12482170	ERS19850115	PRJEB75739	HG00864	HG00864_ONT_UL	GENOMIC	RANDOM	WGS	SINGLE	20230412_HG00864_UL_eee-prom1-3B-PAK94081_guppy-5.0.11-sup-prom_fastq_pass.fastq.gz	70a1a449bac9afc72f7dd23350a0f112	FASTQ	6172918300	MD5	70a1a449bac9afc72f7dd23350a0f112	File archived
ERR13110551	ena-RUN-TAB-17-05-2024-00:20:55:602-142869	PromethION	5/17/2024 1:21		PRIVATE	Webin-67527	ERP160299	ERX12482169	ERS19850115	PRJEB75739	HG00864	HG00864_ONT_UL	GENOMIC	RANDOM	WGS	SINGLE	20230411_HG00864_UL_eee-prom1-3B-PAK94081_guppy-5.0.11-sup-prom_fastq_pass.fastq.gz	218e5ada648a0fcc13cb6c0b76421bfc	FASTQ	13713586828	MD5	218e5ada648a0fcc13cb6c0b76421bfc	File archived
ERR13110550	ena-RUN-TAB-17-05-2024-00:20:55:602-142867	PromethION	5/17/2024 1:21		PRIVATE	Webin-67527	ERP160299	ERX12482168	ERS19850115	PRJEB75739	HG00864	HG00864_ONT_UL	GENOMIC	RANDOM	WGS	SINGLE	20230411_HG00864_UL_eee-prom1-3A-PAK94259_guppy-5.0.11-sup-prom_fastq_pass.fastq.gz	eb638649fee4c7e5c66a065194c16385	FASTQ	2306764903	MD5	eb638649fee4c7e5c66a065194c16385	File archived
ERR13110549	ena-RUN-TAB-17-05-2024-00:20:55:601-142865	PromethION	5/17/2024 1:21		PRIVATE	Webin-67527	ERP160299	ERX12482167	ERS19850115	PRJEB75739	HG00864	HG00864_ONT_UL	GENOMIC	RANDOM	WGS	SINGLE	20230330_HG00864_UL_eee-prom1-2F-PAK94939_guppy-5.0.11-sup-prom_fastq_pass.fastq.gz	cf607b312302be2e43174f9a099ed5bf	FASTQ	5126314056	MD5	cf607b312302be2e43174f9a099ed5bf	File archived
ERR13110548	ena-RUN-TAB-17-05-2024-00:20:55:600-142863	Sequel II	5/17/2024 1:21		PRIVATE	Webin-67527	ERP160299	ERX12482166	ERS19850114	PRJEB75739	HG00733	HG00733_PacBio_HiFi	GENOMIC	size fractionation	WGS	SINGLE	m64076_211221_015212.hifi_reads.fastq.gz	a81b3fc6cef7aff78f4826606913baa0	FASTQ	33299825231	MD5	a81b3fc6cef7aff78f4826606913baa0	File archived
ERR13110547	ena-RUN-TAB-17-05-2024-00:20:55:600-142861	Sequel II	5/17/2024 1:21		PRIVATE	Webin-67527	ERP160299	ERX12482165	ERS19850114	PRJEB75739	HG00733	HG00733_PacBio_HiFi	GENOMIC	size fractionation	WGS	SINGLE	m64076_211218_173901.hifi_reads.fastq.gz	ba9c0759fc295af10ec6f780e7b9c187	FASTQ	32488759560	MD5	ba9c0759fc295af10ec6f780e7b9c187	File archived
ERR13110546	ena-RUN-TAB-17-05-2024-00:20:55:599-142859	Sequel II	5/17/2024 1:21		PRIVATE	Webin-67527	ERP160299	ERX12482164	ERS19850114	PRJEB75739	HG00733	HG00733_PacBio_HiFi	GENOMIC	size fractionation	WGS	SINGLE	m64076_211217_081943.hifi_reads.fastq.gz	34732d02482800d8ed7eb94e3bf709ac	FASTQ	33287310508	MD5	34732d02482800d8ed7eb94e3bf709ac	File archived
ERR13110545	ena-RUN-TAB-17-05-2024-00:20:55:598-142857	Sequel II	5/17/2024 1:21		PRIVATE	Webin-67527	ERP160299	ERX12482163	ERS19850114	PRJEB75739	HG00733	HG00733_PacBio_HiFi	GENOMIC	size fractionation	WGS	SINGLE	m64076_211215_225159.hifi_reads.fastq.gz	ce9e6a0b5c49624d93515db5f8ca8d8a	FASTQ	30942331534	MD5	ce9e6a0b5c49624d93515db5f8ca8d8a	File archived
ERR13110544	ena-RUN-TAB-17-05-2024-00:20:55:598-142855	Sequel II	5/17/2024 1:21		PRIVATE	Webin-67527	ERP160299	ERX12482162	ERS19850114	PRJEB75739	HG00733	HG00733_PacBio_HiFi	GENOMIC	size fractionation	WGS	SINGLE	m64076_211214_012715.hifi_reads.fastq.gz	b98c8d378d54bffaf89999e72758b23d	FASTQ	31569032017	MD5	b98c8d378d54bffaf89999e72758b23d	File archived
ERR13110543	ena-RUN-TAB-17-05-2024-00:20:55:597-142853	Sequel II	5/17/2024 1:21		PRIVATE	Webin-67527	ERP160299	ERX12482161	ERS19850114	PRJEB75739	HG00733	HG00733_PacBio_HiFi	GENOMIC	size fractionation	WGS	SINGLE	m54329U_190827_173812.Q20.fastq.gz	9803b69258a96fa81f41b12e566c4d26	FASTQ	23243172230	MD5	9803b69258a96fa81f41b12e566c4d26	File archived
ERR13110542	ena-RUN-TAB-17-05-2024-00:20:55:596-142851	Sequel II	5/17/2024 1:21		PRIVATE	Webin-67527	ERP160299	ERX12482160	ERS19850114	PRJEB75739	HG00733	HG00733_PacBio_HiFi	GENOMIC	size fractionation	WGS	SINGLE	m54329U_190701_222759.Q20.fastq.gz	8dad16d8ab4e31a9579fe87b49d6f637	FASTQ	13174956080	MD5	8dad16d8ab4e31a9579fe87b49d6f637	File archived
ERR13110541	ena-RUN-TAB-17-05-2024-00:20:55:595-142849	Sequel II	5/17/2024 1:21		PRIVATE	Webin-67527	ERP160299	ERX12482159	ERS19850114	PRJEB75739	HG00733	HG00733_PacBio_HiFi	GENOMIC	size fractionation	WGS	SINGLE	m54329U_190629_180018.Q20.fastq.gz	52561f67d592b21b45204adbaf1f47b8	FASTQ	12199858615	MD5	52561f67d592b21b45204adbaf1f47b8	File archived
ERR13110540	ena-RUN-TAB-17-05-2024-00:20:55:595-142847	Sequel II	5/17/2024 1:21		PRIVATE	Webin-67527	ERP160299	ERX12482158	ERS19850114	PRJEB75739	HG00733	HG00733_PacBio_HiFi	GENOMIC	size fractionation	WGS	SINGLE	m54329U_190619_052546.Q20.fastq.gz	b5559ec0d3665fea39c5bb0a12814af1	FASTQ	7354833326	MD5	b5559ec0d3665fea39c5bb0a12814af1	File archived
ERR13110539	ena-RUN-TAB-17-05-2024-00:20:55:594-142845	Sequel II	5/17/2024 1:21		PRIVATE	Webin-67527	ERP160299	ERX12482157	ERS19850114	PRJEB75739	HG00733	HG00733_PacBio_HiFi	GENOMIC	size fractionation	WGS	SINGLE	m54329U_190617_231905.Q20.fastq.gz	651bcf839437fa20b3f9e2a87d99b064	FASTQ	9190161814	MD5	651bcf839437fa20b3f9e2a87d99b064	File archived
ERR13110538	ena-RUN-TAB-17-05-2024-00:20:55:593-142843	Sequel II	5/17/2024 1:21		PRIVATE	Webin-67527	ERP160299	ERX12482156	ERS19850114	PRJEB75739	HG00733	HG00733_PacBio_HiFi	GENOMIC	size fractionation	WGS	SINGLE	m54329U_190615_010947.Q20.fastq.gz	588820047b74e48cc8abc9c75b24f649	FASTQ	9657835623	MD5	588820047b74e48cc8abc9c75b24f649	File archived
ERR13110537	ena-RUN-TAB-17-05-2024-00:20:55:593-142841	Sequel II	5/17/2024 1:21		PRIVATE	Webin-67527	ERP160299	ERX12482155	ERS19850114	PRJEB75739	HG00733	HG00733_PacBio_HiFi	GENOMIC	size fractionation	WGS	SINGLE	m54329U_190607_185248.Q20.fastq.gz	2ae60f3cd3608c01f99e700be1a54994	FASTQ	9724877547	MD5	2ae60f3cd3608c01f99e700be1a54994	File archived
ERR13110575	ena-RUN-TAB-17-05-2024-00:20:55:618-142917	Sequel II	5/17/2024 1:21		PRIVATE	Webin-67527	ERP160299	ERX12482193	ERS19850120	PRJEB75739	HG03683	HG03683_PacBio_HiFi	GENOMIC	size fractionation	WGS	SINGLE	m64076_220317_110154.hifi_reads.fastq.gz	941db4603d537dbbe12d899f585dacab	FASTQ	32522070012	MD5	941db4603d537dbbe12d899f585dacab	File archived
ERR13110574	ena-RUN-TAB-17-05-2024-00:20:55:617-142915	Sequel II	5/17/2024 1:21		PRIVATE	Webin-67527	ERP160299	ERX12482192	ERS19850120	PRJEB75739	HG03683	HG03683_PacBio_HiFi	GENOMIC	size fractionation	WGS	SINGLE	m64076_211225_093817.hifi_reads.fastq.gz	241c28b317979cdb86345c3570460e11	FASTQ	17541576813	MD5	241c28b317979cdb86345c3570460e11	File archived
ERR13110573	ena-RUN-TAB-17-05-2024-00:20:55:616-142913	Sequel II	5/17/2024 1:21		PRIVATE	Webin-67527	ERP160299	ERX12482191	ERS19850120	PRJEB75739	HG03683	HG03683_PacBio_HiFi	GENOMIC	size fractionation	WGS	SINGLE	m54329U_220311_015732.hifi_reads.fastq.gz	97d1889288b7b458ddb3aa7a9d998b7f	FASTQ	33834490358	MD5	97d1889288b7b458ddb3aa7a9d998b7f	File archived
ERR13110572	ena-RUN-TAB-17-05-2024-00:20:55:616-142911	Sequel II	5/17/2024 1:21		PRIVATE	Webin-67527	ERP160299	ERX12482190	ERS19850120	PRJEB75739	HG03683	HG03683_PacBio_HiFi	GENOMIC	size fractionation	WGS	SINGLE	m54329U_220220_134718.hifi_reads.fastq.gz	52ce7949418f9fbabb4a815e072fdd7e	FASTQ	17989030537	MD5	52ce7949418f9fbabb4a815e072fdd7e	File archived
ERR13110536	ena-RUN-TAB-17-05-2024-00:20:55:592-142839	Sequel II	5/17/2024 1:21		PRIVATE	Webin-67527	ERP160299	ERX12482154	ERS19850113	PRJEB75739	HG00732	HG00732_PacBio_HiFi	GENOMIC	size fractionation	WGS	SINGLE	m64076_200603_055852.Q20.fastq.gz	a12643c9000a5c53923a088ea2fb5c61	FASTQ	21087791158	MD5	a12643c9000a5c53923a088ea2fb5c61	File archived
ERR13110535	ena-RUN-TAB-17-05-2024-00:20:55:591-142837	Sequel II	5/17/2024 1:21		PRIVATE	Webin-67527	ERP160299	ERX12482153	ERS19850113	PRJEB75739	HG00732	HG00732_PacBio_HiFi	GENOMIC	size fractionation	WGS	SINGLE	m64076_200601_234627.Q20.fastq.gz	eddb24fdf462ec7968f5c9dc3d4d29d2	FASTQ	25210644437	MD5	eddb24fdf462ec7968f5c9dc3d4d29d2	File archived
ERR13110534	ena-RUN-TAB-17-05-2024-00:20:55:591-142835	Sequel II	5/17/2024 1:21		PRIVATE	Webin-67527	ERP160299	ERX12482152	ERS19850113	PRJEB75739	HG00732	HG00732_PacBio_HiFi	GENOMIC	size fractionation	WGS	SINGLE	m54329U_200528_200534.Q20.fastq.gz	a31685b6790472f7c121158e2ef74238	FASTQ	25508880108	MD5	a31685b6790472f7c121158e2ef74238	File archived
ERR13110533	ena-RUN-TAB-17-05-2024-00:20:55:590-142833	Sequel II	5/17/2024 1:21		PRIVATE	Webin-67527	ERP160299	ERX12482151	ERS19850113	PRJEB75739	HG00732	HG00732_PacBio_HiFi	GENOMIC	size fractionation	WGS	SINGLE	m54329U_190705_000551.Q20.fastq.gz	6e2eba5f07595642ce2f4cc3f4532f14	FASTQ	9222717837	MD5	6e2eba5f07595642ce2f4cc3f4532f14	File archived
ERR13110532	ena-RUN-TAB-17-05-2024-00:20:55:589-142831	Sequel II	5/17/2024 1:21		PRIVATE	Webin-67527	ERP160299	ERX12482150	ERS19850113	PRJEB75739	HG00732	HG00732_PacBio_HiFi	GENOMIC	size fractionation	WGS	SINGLE	m54329U_190612_193411.Q20.fastq.gz	a219283460ac304a4925a105aa7858cb	FASTQ	5700583222	MD5	a219283460ac304a4925a105aa7858cb	File archived
ERR13110531	ena-RUN-TAB-17-05-2024-00:20:55:589-142829	Sequel II	5/17/2024 1:21		PRIVATE	Webin-67527	ERP160299	ERX12482149	ERS19850113	PRJEB75739	HG00732	HG00732_PacBio_HiFi	GENOMIC	size fractionation	WGS	SINGLE	m54329U_190611_132246.Q20.fastq.gz	fb9fb1bcf3736a82fcb80414942eda2b	FASTQ	7027893076	MD5	fb9fb1bcf3736a82fcb80414942eda2b	File archived
ERR13110530	ena-RUN-TAB-17-05-2024-00:20:55:588-142827	Sequel II	5/17/2024 1:21		PRIVATE	Webin-67527	ERP160299	ERX12482148	ERS19850113	PRJEB75739	HG00732	HG00732_PacBio_HiFi	GENOMIC	size fractionation	WGS	SINGLE	m54329U_190610_071123.Q20.fastq.gz	7d94dba2a979d2192be9aec1e666a09f	FASTQ	8502381918	MD5	7d94dba2a979d2192be9aec1e666a09f	File archived
ERR13110529	ena-RUN-TAB-17-05-2024-00:20:55:587-142825	Sequel II	5/17/2024 1:21		PRIVATE	Webin-67527	ERP160299	ERX12482147	ERS19850113	PRJEB75739	HG00732	HG00732_PacBio_HiFi	GENOMIC	size fractionation	WGS	SINGLE	m54329U_190604_224858.Q20.fastq.gz	3dfe0a3e35a6924053e02f9c82f77984	FASTQ	17479676783	MD5	3dfe0a3e35a6924053e02f9c82f77984	File archived
ERR13110528	ena-RUN-TAB-17-05-2024-00:20:55:587-142823	Sequel II	5/17/2024 1:21		PRIVATE	Webin-67527	ERP160299	ERX12482146	ERS19850112	PRJEB75739	HG00731	HG00731_PacBio_HiFi	GENOMIC	size fractionation	WGS	SINGLE	m64076_230404_051349-bc2051.hifi_reads.fastq.gz	498231bd88f0befdd7661e7aa820f157	FASTQ	31745223123	MD5	498231bd88f0befdd7661e7aa820f157	File archived
ERR13110527	ena-RUN-TAB-17-05-2024-00:20:55:586-142821	Sequel II	5/17/2024 1:21		PRIVATE	Webin-67527	ERP160299	ERX12482145	ERS19850112	PRJEB75739	HG00731	HG00731_PacBio_HiFi	GENOMIC	size fractionation	WGS	SINGLE	m64076_230402_200532-bc2051.hifi_reads.fastq.gz	4302a7a37b2d0a364a1b1f53312daf3c	FASTQ	31079100621	MD5	4302a7a37b2d0a364a1b1f53312daf3c	File archived
ERR13110526	ena-RUN-TAB-17-05-2024-00:20:55:585-142819	Sequel II	5/17/2024 1:21		PRIVATE	Webin-67527	ERP160299	ERX12482144	ERS19850112	PRJEB75739	HG00731	HG00731_PacBio_HiFi	GENOMIC	size fractionation	WGS	SINGLE	m64076_230401_105044-bc2051.hifi_reads.fastq.gz	6747c9e0c4096fd31f0ca30bc36d8e98	FASTQ	32681978630	MD5	6747c9e0c4096fd31f0ca30bc36d8e98	File archived
ERR13110525	ena-RUN-TAB-17-05-2024-00:20:55:585-142817	Sequel II	5/17/2024 1:21		PRIVATE	Webin-67527	ERP160299	ERX12482143	ERS19850112	PRJEB75739	HG00731	HG00731_PacBio_HiFi	GENOMIC	size fractionation	WGS	SINGLE	m54329U_190906_205127.Q20.fastq.gz	4fd8e4adee548969d83c358a00b3b0de	FASTQ	16025132847	MD5	4fd8e4adee548969d83c358a00b3b0de	File archived
ERR13110524	ena-RUN-TAB-17-05-2024-00:20:55:584-142815	Sequel II	5/17/2024 1:21		PRIVATE	Webin-67527	ERP160299	ERX12482142	ERS19850112	PRJEB75739	HG00731	HG00731_PacBio_HiFi	GENOMIC	size fractionation	WGS	SINGLE	m54329U_190606_045526.Q20.fastq.gz	4319b980d4db7404e937a4f6f6642712	FASTQ	15182742981	MD5	4319b980d4db7404e937a4f6f6642712	File archived
ERR13110523	ena-RUN-TAB-17-05-2024-00:20:55:584-142813	Sequel II	5/17/2024 1:21		PRIVATE	Webin-67527	ERP160299	ERX12482141	ERS19850112	PRJEB75739	HG00731	HG00731_PacBio_HiFi	GENOMIC	size fractionation	WGS	SINGLE	m54329U_190601_235636.Q20.fastq.gz	7859af84acb057084319a066715b31b9	FASTQ	15916713156	MD5	7859af84acb057084319a066715b31b9	File archived
ERR13110522	ena-RUN-TAB-17-05-2024-00:20:55:583-142811	Sequel II	5/17/2024 1:21		PRIVATE	Webin-67527	ERP160299	ERX12482140	ERS19850112	PRJEB75739	HG00731	HG00731_PacBio_HiFi	GENOMIC	size fractionation	WGS	SINGLE	m54329U_190531_175004.Q20.fastq.gz	6a28c233cbdd083d6f4fc757db323f1f	FASTQ	16616061684	MD5	6a28c233cbdd083d6f4fc757db323f1f	File archived
ERR13110521	ena-RUN-TAB-17-05-2024-00:20:55:582-142809	Sequel II	5/17/2024 1:21		PRIVATE	Webin-67527	ERP160299	ERX12482139	ERS19850112	PRJEB75739	HG00731	HG00731_PacBio_HiFi	GENOMIC	size fractionation	WGS	SINGLE	m54329U_190528_231241.Q20.fastq.gz	baf8b359fe667b902d27f4ebe9333cd7	FASTQ	15519756856	MD5	baf8b359fe667b902d27f4ebe9333cd7	File archived
ERR13110520	ena-RUN-TAB-17-05-2024-00:20:55:582-142807	PromethION	5/17/2024 1:21		PRIVATE	Webin-67527	ERP160299	ERX12482138	ERS19850111	PRJEB75739	HG00514	HG00514_ONT_UL	GENOMIC	RANDOM	WGS	SINGLE	20230518_HG00514_UL_eee-prom1-1H-PAO53735_guppy-5.0.11-sup-prom_fastq_pass.fastq.gz	ae752f5cf5562bc22ab02ac49bf478eb	FASTQ	12890782167	MD5	ae752f5cf5562bc22ab02ac49bf478eb	File archived
ERR13110519	ena-RUN-TAB-17-05-2024-00:20:55:581-142805	PromethION	5/17/2024 1:21		PRIVATE	Webin-67527	ERP160299	ERX12482137	ERS19850111	PRJEB75739	HG00514	HG00514_ONT_UL	GENOMIC	RANDOM	WGS	SINGLE	20230518_HG00514_UL_eee-prom1-1G-PAO49047_guppy-5.0.11-sup-prom_fastq_pass.fastq.gz	ae0e52bcb1d1f3e684c90918c3e4085b	FASTQ	11731636499	MD5	ae0e52bcb1d1f3e684c90918c3e4085b	File archived
ERR13110518	ena-RUN-TAB-17-05-2024-00:20:55:580-142803	PromethION	5/17/2024 1:21		PRIVATE	Webin-67527	ERP160299	ERX12482136	ERS19850111	PRJEB75739	HG00514	HG00514_ONT_UL	GENOMIC	RANDOM	WGS	SINGLE	20230517_HG00514_UL_eee-prom1-3H-PAO53735_guppy-5.0.11-sup-prom_fastq_pass.fastq.gz	cd106a1e3dec5609b5afbabeb7ca7d80	FASTQ	13254162651	MD5	cd106a1e3dec5609b5afbabeb7ca7d80	File archived
ERR13110517	ena-RUN-TAB-17-05-2024-00:20:55:579-142801	PromethION	5/17/2024 1:21		PRIVATE	Webin-67527	ERP160299	ERX12482135	ERS19850111	PRJEB75739	HG00514	HG00514_ONT_UL	GENOMIC	RANDOM	WGS	SINGLE	20230517_HG00514_UL_eee-prom1-3G-PAO49047_guppy-5.0.11-sup-prom_fastq_pass.fastq.gz	aa87e78062c03b79d9c13e0bad11237d	FASTQ	13778746234	MD5	aa87e78062c03b79d9c13e0bad11237d	File archived
ERR13110516	ena-RUN-TAB-17-05-2024-00:20:55:579-142799	PromethION	5/17/2024 1:21		PRIVATE	Webin-67527	ERP160299	ERX12482134	ERS19850111	PRJEB75739	HG00514	HG00514_ONT_UL	GENOMIC	RANDOM	WGS	SINGLE	20230516_HG00514_UL_eee-prom1-3H-PAO53735_guppy-5.0.11-sup-prom_fastq_pass.fastq.gz	facd5b19e5b53d2844417e6412eacebb	FASTQ	19402082308	MD5	facd5b19e5b53d2844417e6412eacebb	File archived
ERR13110515	ena-RUN-TAB-17-05-2024-00:20:55:578-142797	PromethION	5/17/2024 1:21		PRIVATE	Webin-67527	ERP160299	ERX12482133	ERS19850111	PRJEB75739	HG00514	HG00514_ONT_UL	GENOMIC	RANDOM	WGS	SINGLE	20230516_HG00514_UL_eee-prom1-3G-PAO49047_guppy-5.0.11-sup-prom_fastq_pass.fastq.gz	f81be2e22ee2b31e7ab09f3849571542	FASTQ	19329921964	MD5	f81be2e22ee2b31e7ab09f3849571542	File archived
ERR13110514	ena-RUN-TAB-17-05-2024-00:20:55:577-142795	PromethION	5/17/2024 1:21		PRIVATE	Webin-67527	ERP160299	ERX12482132	ERS19850111	PRJEB75739	HG00514	HG00514_ONT_UL	GENOMIC	RANDOM	WGS	SINGLE	20230509_HG00514_UL_eee-prom1-3C-PAO55125_guppy-5.0.11-sup-prom_fastq_pass.fastq.gz	9b24688076001c82c9f9e3b928adc11f	FASTQ	27577611251	MD5	9b24688076001c82c9f9e3b928adc11f	File archived
ERR13110513	ena-RUN-TAB-17-05-2024-00:20:55:577-142793	PromethION	5/17/2024 1:21		PRIVATE	Webin-67527	ERP160299	ERX12482131	ERS19850111	PRJEB75739	HG00514	HG00514_ONT_UL	GENOMIC	RANDOM	WGS	SINGLE	20230509_HG00514_UL_eee-prom1-3B-PAO38145_guppy-5.0.11-sup-prom_fastq_pass.fastq.gz	5862b85de2303fc0b50c0d1bb5ef76eb	FASTQ	35823838079	MD5	5862b85de2303fc0b50c0d1bb5ef76eb	File archived
ERR13110512	ena-RUN-TAB-17-05-2024-00:20:55:576-142791	PromethION	5/17/2024 1:21		PRIVATE	Webin-67527	ERP160299	ERX12482130	ERS19850110	PRJEB75739	HG00513	HG00513_ONT_UL	GENOMIC	RANDOM	WGS	SINGLE	20230518_HG00513_UL_eee-prom1-1F-PAO51858_guppy-5.0.11-sup-prom_fastq_pass.fastq.gz	8b316ae87dc1158c6da8e8e6896b02a3	FASTQ	17126308695	MD5	8b316ae87dc1158c6da8e8e6896b02a3	File archived
ERR13110511	ena-RUN-TAB-17-05-2024-00:20:55:575-142789	PromethION	5/17/2024 1:21		PRIVATE	Webin-67527	ERP160299	ERX12482129	ERS19850110	PRJEB75739	HG00513	HG00513_ONT_UL	GENOMIC	RANDOM	WGS	SINGLE	20230518_HG00513_UL_eee-prom1-1E-PAO38753_guppy-5.0.11-sup-prom_fastq_pass.fastq.gz	8b039531b6b36bd75990414c1a9a7d85	FASTQ	16934878641	MD5	8b039531b6b36bd75990414c1a9a7d85	File archived
ERR13110510	ena-RUN-TAB-17-05-2024-00:20:55:575-142787	PromethION	5/17/2024 1:21		PRIVATE	Webin-67527	ERP160299	ERX12482128	ERS19850110	PRJEB75739	HG00513	HG00513_ONT_UL	GENOMIC	RANDOM	WGS	SINGLE	20230518_HG00513_UL_eee-prom1-1D-PAO38725_guppy-5.0.11-sup-prom_fastq_pass.fastq.gz	7c439583ac0c9deb52e50945bedce045	FASTQ	17138693609	MD5	7c439583ac0c9deb52e50945bedce045	File archived
ERR13110509	ena-RUN-TAB-17-05-2024-00:20:55:574-142785	PromethION	5/17/2024 1:21		PRIVATE	Webin-67527	ERP160299	ERX12482127	ERS19850110	PRJEB75739	HG00513	HG00513_ONT_UL	GENOMIC	RANDOM	WGS	SINGLE	20230517_HG00513_UL_eee-prom1-3F-PAO51858_guppy-5.0.11-sup-prom_fastq_pass.fastq.gz	36118cc47e927dc4c6ce152625737193	FASTQ	17489839564	MD5	36118cc47e927dc4c6ce152625737193	File archived
ERR13110508	ena-RUN-TAB-17-05-2024-00:20:55:573-142783	PromethION	5/17/2024 1:21		PRIVATE	Webin-67527	ERP160299	ERX12482126	ERS19850110	PRJEB75739	HG00513	HG00513_ONT_UL	GENOMIC	RANDOM	WGS	SINGLE	20230517_HG00513_UL_eee-prom1-3E-PAO38753_guppy-5.0.11-sup-prom_fastq_pass.fastq.gz	fdfea93b4ba930a9b95657f70877e4eb	FASTQ	598512045	MD5	fdfea93b4ba930a9b95657f70877e4eb	File archived
ERR13110507	ena-RUN-TAB-17-05-2024-00:20:55:573-142781	PromethION	5/17/2024 1:21		PRIVATE	Webin-67527	ERP160299	ERX12482125	ERS19850110	PRJEB75739	HG00513	HG00513_ONT_UL	GENOMIC	RANDOM	WGS	SINGLE	20230517_HG00513_UL_eee-prom1-2E-PAO38753_guppy-5.0.11-sup-prom_fastq_pass.fastq.gz	f3fc8c2b009171ee1efa2730dd1c0b65	FASTQ	15301671293	MD5	f3fc8c2b009171ee1efa2730dd1c0b65	File archived
ERR13110506	ena-RUN-TAB-17-05-2024-00:20:55:572-142779	PromethION	5/17/2024 1:21		PRIVATE	Webin-67527	ERP160299	ERX12482124	ERS19850110	PRJEB75739	HG00513	HG00513_ONT_UL	GENOMIC	RANDOM	WGS	SINGLE	20230516_HG00513_UL_eee-prom1-3F-PAO51858_guppy-5.0.11-sup-prom_fastq_pass.fastq.gz	b6ba9db5ad99874d63eb172c345bf33a	FASTQ	24238717425	MD5	b6ba9db5ad99874d63eb172c345bf33a	File archived
ERR13110505	ena-RUN-TAB-17-05-2024-00:20:55:571-142777	PromethION	5/17/2024 1:21		PRIVATE	Webin-67527	ERP160299	ERX12482123	ERS19850110	PRJEB75739	HG00513	HG00513_ONT_UL	GENOMIC	RANDOM	WGS	SINGLE	20230516_HG00513_UL_eee-prom1-3E-PAO38753_guppy-5.0.11-sup-prom_fastq_pass.fastq.gz	e71053bc6afb7f27759c40afc68bccae	FASTQ	20691803025	MD5	e71053bc6afb7f27759c40afc68bccae	File archived
ERR13110504	ena-RUN-TAB-17-05-2024-00:20:55:570-142775	PromethION	5/17/2024 1:21		PRIVATE	Webin-67527	ERP160299	ERX12482122	ERS19850110	PRJEB75739	HG00513	HG00513_ONT_UL	GENOMIC	RANDOM	WGS	SINGLE	20230516_HG00513_UL_eee-prom1-3D-PAO38725_guppy-5.0.11-sup-prom_fastq_pass.fastq.gz	ebb2a631f2a42936e2b860069b950cc2	FASTQ	37153404786	MD5	ebb2a631f2a42936e2b860069b950cc2	File archived
ERR13110503	ena-RUN-TAB-17-05-2024-00:20:55:569-142773	PromethION	5/17/2024 1:21		PRIVATE	Webin-67527	ERP160299	ERX12482121	ERS19850110	PRJEB75739	HG00513	HG00513_ONT_UL	GENOMIC	RANDOM	WGS	SINGLE	20230509_HG00513_UL_eee-prom1-3A-PAO38747_guppy-5.0.11-sup-prom_fastq_pass.fastq.gz	7433b3a911c5264f4e9204c5d7468afb	FASTQ	37631550961	MD5	7433b3a911c5264f4e9204c5d7468afb	File archived
