sample	datatype	file_name	remote_path	accession
NA19238	hifi	m64119e_230531_095655.hifi_reads	IGSR:HGSVC3:/working/20220831_JAX_HiFi/NA19238	unknown
NA19238	hifi	NA19238_20191205_CLEE_m64039_190901_163200.ccs	IGSR:HGSVC2:/working/20191205_YRI_PacBio_NA19238_HIFI	unknown
NA19238	hifi	NA19238_20191205_CLEE_m64039_190831_102034.ccs	IGSR:HGSVC2:/working/20191205_YRI_PacBio_NA19238_HIFI	unknown
NA19238	hifi	NA19238_20191205_CLEE_m64039_190830_040857.ccs	IGSR:HGSVC2:/working/20191205_YRI_PacBio_NA19238_HIFI	unknown
NA19238	hifi	NA19238_20191205_CLEE_m64039_190828_220241.ccs	IGSR:HGSVC2:/working/20191205_YRI_PacBio_NA19238_HIFI	unknown
NA19238	hifi	NA19238_20191205_CLEE_m64039_190818_202358.ccs	IGSR:HGSVC2:/working/20191205_YRI_PacBio_NA19238_HIFI	unknown
NA19238	hifi	NA19238_20191205_CLEE_m64039_190817_141701.ccs	IGSR:HGSVC2:/working/20191205_YRI_PacBio_NA19238_HIFI	unknown
NA19238	hifi	NA19238_20191205_CLEE_m54336U_191017_101413.ccs	IGSR:HGSVC2:/working/20191205_YRI_PacBio_NA19238_HIFI	unknown
NA19238	hifi	NA19238_20191205_CLEE_m54336U_191015_222230.ccs	IGSR:HGSVC2:/working/20191205_YRI_PacBio_NA19238_HIFI	unknown
NA19240	hifi	m84046_231117_203108_s3.hifi_reads.bc2078	IGSR:HGSVC3:/working/20231126_UW_HiFi/NA19240	unknown
NA19240	hifi	m84046_231113_224421_s1.hifi_reads.bc2078	IGSR:HGSVC3:/working/20231126_UW_HiFi/NA19240	unknown
NA19240	hifi	m84046_231007_214225_s2.hifi_reads.bc2078	IGSR:HGSVC3:/working/20231126_UW_HiFi/NA19240	unknown
NA19240	hifi	NA19240_20191002_CLEE_m64039_190930_063309.ccs	IGSR:HGSVC2:/working/20191005_YRI_PacBio_NA19240_HiFi	unknown
NA19240	hifi	NA19240_20191002_CLEE_m64039_190922_223056.ccs	IGSR:HGSVC2:/working/20191005_YRI_PacBio_NA19240_HiFi	unknown
NA19240	hifi	NA19240_20191002_CLEE_m54336U_190829_230546.ccs	IGSR:HGSVC2:/working/20191005_YRI_PacBio_NA19240_HiFi	unknown
NA19240	hifi	NA19240_20191002_CLEE_m54336U_190828_075428.ccs	IGSR:HGSVC2:/working/20191005_YRI_PacBio_NA19240_HiFi	unknown
NA19240	hifi	NA19240_20191002_CLEE_m54336U_190827_013439.ccs	IGSR:HGSVC2:/working/20191005_YRI_PacBio_NA19240_HiFi	unknown
HG00732	hifi	m84046_231117_203108_s3.hifi_reads.bc2033	IGSR:HGSVC3:/working/20231126_UW_HiFi/HG00732	unknown
HG00732	hifi	m84046_231113_224421_s1.hifi_reads.bc2033	IGSR:HGSVC3:/working/20231126_UW_HiFi/HG00732	unknown
HG00732	ont	20221228_HG00732_UL_eee-prom1-2A-PAG65779_guppy-5.0.11-sup-prom_fastq_pass	IGSR:HGSVC3:/working/20230501_HGSVC_UL_ONT-UW/HG00732	unknown
HG00732	ont	20221220_HG00732_UL_eee-prom1-2C-PAG67955_guppy-5.0.11-sup-prom_fastq_pass	IGSR:HGSVC3:/working/20230501_HGSVC_UL_ONT-UW/HG00732	unknown
HG00732	ont	20221214_HG00732_UL_eee-prom1-2E-PAG68402_guppy-5.0.11-sup-prom_fastq_pass	IGSR:HGSVC3:/working/20230501_HGSVC_UL_ONT-UW/HG00732	unknown
HG00732	ont	20221214_HG00732_UL_eee-prom1-2B-PAG65793_guppy-5.0.11-sup-prom_fastq_pass	IGSR:HGSVC3:/working/20230501_HGSVC_UL_ONT-UW/HG00732	unknown
HG00732	ont	20221213_HG00732_UL_eee-prom1-2B-PAG65793_guppy-5.0.11-sup-prom_fastq_pass	IGSR:HGSVC3:/working/20230501_HGSVC_UL_ONT-UW/HG00732	unknown
HG00733	ont	HG00733_20220215_UL_eee-prom1-2G-PAJ10244_guppy-5.0.11-sup-prom_fastq_pass	IGSR:HGSVC3:/working/20230501_HGSVC_UL_ONT-UW/HG00733	unknown
HG00733	ont	HG00733_20220215_UL_eee-prom1-2E-PAJ10244_guppy-5.0.11-sup-prom_fastq_pass	IGSR:HGSVC3:/working/20230501_HGSVC_UL_ONT-UW/HG00733	unknown
HG00733	ont	HG00733_20220215_UL_eee-prom1-1F-PAJ09070_guppy-5.0.11-sup-prom_fastq_pass	IGSR:HGSVC3:/working/20230501_HGSVC_UL_ONT-UW/HG00733	unknown
HG00733	ont	HG00733_20220215_UL_eee-prom1-1D-PAJ02977_guppy-5.0.11-sup-prom_fastq_pass	IGSR:HGSVC3:/working/20230501_HGSVC_UL_ONT-UW/HG00733	unknown
HG00733	ont	HG00733_20210729_UL_eee-prom1-1E-PAH36624_guppy-5.0.11-sup-prom_fastq_pass	IGSR:HGSVC3:/working/20230501_HGSVC_UL_ONT-UW/HG00733	unknown
HG00733	ont	HG00733_20210729_UL_eee-prom1-1E-PAH36624-2_guppy-5.0.11-sup-prom_fastq_pass	IGSR:HGSVC3:/working/20230501_HGSVC_UL_ONT-UW/HG00733	unknown
HG00733	ont	HG00733_20210728_UL_eee-prom1-1E-PAH36624_guppy-5.0.11-sup-prom_fastq_pass	IGSR:HGSVC3:/working/20230501_HGSVC_UL_ONT-UW/HG00733	unknown
HG00733	ont	HG00733_20210727_UL_eee-prom1-1E-PAH36624_guppy-5.0.11-sup-prom_fastq_pass	IGSR:HGSVC3:/working/20230501_HGSVC_UL_ONT-UW/HG00733	unknown
HG00512	ont	20230626_230620_23-lee-007_PCA100115_3F-run15_guppy-5.0.11-sup-prom_fastq_pass	IGSR:HGSVC3:/working/20211013_ONT_Rebasecalled/HG00512	PRJEB58376
HG00513	hifi	HG00513_PacBio_Sequel2_CCS__EDEVI_20191007_S64049_PL100139348-2_D01.ccs	IGSR:HGSVC2:/working/20191031_CHS_PacBio_HG00513_HiFi	unknown
HG00513	hifi	HG00513_PacBio_Sequel2_CCS__EDEVI_20191007_S64049_PL100139348-2_C01.ccs	IGSR:HGSVC2:/working/20191031_CHS_PacBio_HG00513_HiFi	unknown
HG00513	hifi	HG00513_PacBio_Sequel2_CCS__EDEVI_20191004_S64018_PL100139348-1_D01.ccs	IGSR:HGSVC2:/working/20191031_CHS_PacBio_HG00513_HiFi	unknown
HG00513	hifi	HG00513_PacBio_Sequel2_CCS__EDEVI_20191004_S64018_PL100139348-1_C01.ccs	IGSR:HGSVC2:/working/20191031_CHS_PacBio_HG00513_HiFi	unknown
HG00513	hifi	HG00513_PacBio_Sequel2_CCS__EDEVI_20190920_S64018_PL100139348-1_D01.ccs	IGSR:HGSVC2:/working/20191031_CHS_PacBio_HG00513_HiFi	unknown
HG00513	hifi	HG00513_PacBio_Sequel2_CCS__EDEVI_20190920_S64018_PL100139348-1_B01.ccs	IGSR:HGSVC2:/working/20191031_CHS_PacBio_HG00513_HiFi	unknown
HG00514	hifi	m84046_231007_211119_s1.hifi_reads.bc2068	IGSR:HGSVC3:/working/20231126_UW_HiFi/HG00514	unknown
HG00514	hifi	m54329U_200719_061020.ccs	IGSR:HGSVC2:/working/20200731_CHS_PacBio_HG00514_HiFi_reseq	unknown
HG00514	hifi	m54329U_200717_235548.ccs	IGSR:HGSVC2:/working/20200731_CHS_PacBio_HG00514_HiFi_reseq	unknown
HG00514	hifi	m54329U_200715_194535.ccs	IGSR:HGSVC2:/working/20200731_CHS_PacBio_HG00514_HiFi_reseq	unknown
HG01573	ont	20230209_HG01573_UL_eee-prom1-3A-PAG84447_guppy-5.0.11-sup-prom_fastq_pass	IGSR:HGSVC3:/working/20230501_HGSVC_UL_ONT-UW/HG01573	unknown
HG01573	ont	20230207_HG01573_UL_eee-prom1-3A-PAG84447_guppy-5.0.11-sup-prom_fastq_pass	IGSR:HGSVC3:/working/20230501_HGSVC_UL_ONT-UW/HG01573	unknown
HG01573	ont	20221025_HG01573_UL_eee-prom1-1A-PAM79285_guppy-5.0.11-sup-prom_fastq_pass	IGSR:HGSVC3:/working/20230501_HGSVC_UL_ONT-UW/HG01573	unknown
HG01573	ont	20221018_HG01573_UL_eee-prom1-1B-PAM78356_guppy-5.0.11-sup-prom_fastq_pass	IGSR:HGSVC3:/working/20230501_HGSVC_UL_ONT-UW/HG01573	unknown
HG01573	ont	20221013_HG01573_UL_eee-prom1-1G-PAM78202_guppy-5.0.11-sup-prom_fastq_pass	IGSR:HGSVC3:/working/20230501_HGSVC_UL_ONT-UW/HG01573	unknown
HG01573	ont	20221012_HG01573_UL_eee-prom1-1G-PAM78202_guppy-5.0.11-sup-prom_fastq_pass	IGSR:HGSVC3:/working/20230501_HGSVC_UL_ONT-UW/HG01573	unknown
HG01573	ont	20221011_HG01573_UL_eee-prom1-1C-PAM78043_guppy-5.0.11-sup-prom_fastq_pass	IGSR:HGSVC3:/working/20230501_HGSVC_UL_ONT-UW/HG01573	unknown
HG01573	ont	20221004_HG01573_UL_eee-prom1-1A-PAM23460_guppy-5.0.11-sup-prom_fastq_pass	IGSR:HGSVC3:/working/20230501_HGSVC_UL_ONT-UW/HG01573	unknown
HG01573	ont	20220920_HG01573_UL_eee-prom1-1C-PAM64632_guppy-5.0.11-sup-prom_fastq_pass	IGSR:HGSVC3:/working/20230501_HGSVC_UL_ONT-UW/HG01573	unknown
HG00171	hifi	m54329U_220214_093304.hifi_reads	IGSR:HGSVC3:/working/20220418_UW_HiFi/HG00171	unknown
HG00171	hifi	m54329U_220212_223600.hifi_reads	IGSR:HGSVC3:/working/20220418_UW_HiFi/HG00171	unknown
HG00171	hifi	m54329U_220205_003428.hifi_reads	IGSR:HGSVC3:/working/20220418_UW_HiFi/HG00171	unknown
HG00171	ont	20221214_HG00171_UL_eee-prom1-2A-PAG67767_guppy-5.0.11-sup-prom_fastq_pass	IGSR:HGSVC3:/working/20230501_HGSVC_UL_ONT-UW/HG00171	unknown
HG00171	ont	20221213_HG00171_UL_eee-prom1-2A-PAG67767_guppy-5.0.11-sup-prom_fastq_pass	IGSR:HGSVC3:/working/20230501_HGSVC_UL_ONT-UW/HG00171	unknown
HG00171	ont	20221101_HG00171_UL_eee-prom1-1A-PAM78908_guppy-5.0.11-sup-prom_fastq_pass	IGSR:HGSVC3:/working/20230501_HGSVC_UL_ONT-UW/HG00171	unknown
HG00171	ont	20221018_HG00171_UL_eee-prom1-1A-PAM70063_guppy-5.0.11-sup-prom_fastq_pass	IGSR:HGSVC3:/working/20230501_HGSVC_UL_ONT-UW/HG00171	unknown
HG00171	ont	20221013_HG00171_UL_eee-prom1-1B-PAM78131_guppy-5.0.11-sup-prom_fastq_pass	IGSR:HGSVC3:/working/20230501_HGSVC_UL_ONT-UW/HG00171	unknown
HG00171	ont	20221013_HG00171_UL_eee-prom1-1A-PAM78120_guppy-5.0.11-sup-prom_fastq_pass	IGSR:HGSVC3:/working/20230501_HGSVC_UL_ONT-UW/HG00171	unknown
HG00171	ont	20221011_HG00171_UL_eee-prom1-1B-PAM78131_guppy-5.0.11-sup-prom_fastq_pass	IGSR:HGSVC3:/working/20230501_HGSVC_UL_ONT-UW/HG00171	unknown
HG00171	ont	20221011_HG00171_UL_eee-prom1-1A-PAM78120_guppy-5.0.11-sup-prom_fastq_pass	IGSR:HGSVC3:/working/20230501_HGSVC_UL_ONT-UW/HG00171	unknown
HG00171	ont	20220920_HG00171_UL_eee-prom1-1B-PAM64621_guppy-5.0.11-sup-prom_fastq_pass	IGSR:HGSVC3:/working/20230501_HGSVC_UL_ONT-UW/HG00171	unknown
HG00171	ont	20220913_HG00171_UL_eee-prom1-1F-PAM54734_guppy-5.0.11-sup-prom_fastq_pass	IGSR:HGSVC3:/working/20230501_HGSVC_UL_ONT-UW/HG00171	unknown
HG00171	ont	20220913_HG00171_UL_eee-prom1-1E-PAM52641_guppy-5.0.11-sup-prom_fastq_pass	IGSR:HGSVC3:/working/20230501_HGSVC_UL_ONT-UW/HG00171	unknown
HG02587	ont	20230207_HG02587_UL_eee-prom1-3B-PAG84362_guppy-5.0.11-sup-prom_fastq_pass	IGSR:HGSVC3:/working/20230501_HGSVC_UL_ONT-UW/HG02587	unknown
HG02587	ont	20221025_HG02587_UL_eee-prom1-1B-PAM76612_guppy-5.0.11-sup-prom_fastq_pass	IGSR:HGSVC3:/working/20230501_HGSVC_UL_ONT-UW/HG02587	unknown
HG02587	ont	20221018_HG02587_UL_eee-prom1-1C-PAM78364_guppy-5.0.11-sup-prom_fastq_pass	IGSR:HGSVC3:/working/20230501_HGSVC_UL_ONT-UW/HG02587	unknown
HG02587	ont	20221013_HG02587_UL_eee-prom1-1H-PAM78285_guppy-5.0.11-sup-prom_fastq_pass	IGSR:HGSVC3:/working/20230501_HGSVC_UL_ONT-UW/HG02587	unknown
HG02587	ont	20221013_HG02587_UL_eee-prom1-1E-PAM79160_guppy-5.0.11-sup-prom_fastq_pass	IGSR:HGSVC3:/working/20230501_HGSVC_UL_ONT-UW/HG02587	unknown
HG02587	ont	20221013_HG02587_UL_eee-prom1-1D-PAM78114_guppy-5.0.11-sup-prom_fastq_pass	IGSR:HGSVC3:/working/20230501_HGSVC_UL_ONT-UW/HG02587	unknown
HG02587	ont	20221012_HG02587_UL_eee-prom1-1H-PAM78285_guppy-5.0.11-sup-prom_fastq_pass	IGSR:HGSVC3:/working/20230501_HGSVC_UL_ONT-UW/HG02587	unknown
HG02587	ont	20221011_HG02587_UL_eee-prom1-1E-PAM79160_guppy-5.0.11-sup-prom_fastq_pass	IGSR:HGSVC3:/working/20230501_HGSVC_UL_ONT-UW/HG02587	unknown
HG02587	ont	20221011_HG02587_UL_eee-prom1-1D-PAM78114_guppy-5.0.11-sup-prom_fastq_pass	IGSR:HGSVC3:/working/20230501_HGSVC_UL_ONT-UW/HG02587	unknown
HG02587	ont	20221004_HG02587_UL_eee-prom1-1C-PAM23141_guppy-5.0.11-sup-prom_fastq_pass	IGSR:HGSVC3:/working/20230501_HGSVC_UL_ONT-UW/HG02587	unknown
HG02587	ont	20221004_HG02587_UL_eee-prom1-1B-PAM23321_guppy-5.0.11-sup-prom_fastq_pass	IGSR:HGSVC3:/working/20230501_HGSVC_UL_ONT-UW/HG02587	unknown
HG02587	ont	20220920_HG02587_UL_eee-prom1-1D-PAM64430_guppy-5.0.11-sup-prom_fastq_pass	IGSR:HGSVC3:/working/20230501_HGSVC_UL_ONT-UW/HG02587	unknown
HG01114	ont	20221207_HG01114_UL_eee-prom1-2B-PAG66283_guppy-5.0.11-sup-prom_fastq_pass	IGSR:HGSVC3:/working/20230501_HGSVC_UL_ONT-UW/HG01114	unknown
HG01114	ont	20221206_HG01114_UL_eee-prom1-2B-PAG66283_guppy-5.0.11-sup-prom_fastq_pass	IGSR:HGSVC3:/working/20230501_HGSVC_UL_ONT-UW/HG01114	unknown
HG01114	ont	20221130_HG01114_UL_eee-prom1-2B-PAG69678_guppy-5.0.11-sup-prom_fastq_pass	IGSR:HGSVC3:/working/20230501_HGSVC_UL_ONT-UW/HG01114	unknown
HG01114	ont	20221108_HG01114_UL_eee-prom1-3A-PAM79079_guppy-5.0.11-sup-prom_fastq_pass	IGSR:HGSVC3:/working/20230501_HGSVC_UL_ONT-UW/HG01114	unknown
HG01114	ont	20221103_HG01114_UL_eee-prom1-3F-PAK34726_guppy-5.0.11-sup-prom_fastq_pass	IGSR:HGSVC3:/working/20230501_HGSVC_UL_ONT-UW/HG01114	unknown
HG01114	ont	20221102_HG01114_UL_eee-prom1-3F-PAK34726_guppy-5.0.11-sup-prom_fastq_pass	IGSR:HGSVC3:/working/20230501_HGSVC_UL_ONT-UW/HG01114	unknown
HG01114	ont	20221101_HG01114_UL_eee-prom1-1B-PAM79352_guppy-5.0.11-sup-prom_fastq_pass	IGSR:HGSVC3:/working/20230501_HGSVC_UL_ONT-UW/HG01114	unknown
HG01114	ont	20221025_HG01114_UL_eee-prom1-1C-PAM78971_guppy-5.0.11-sup-prom_fastq_pass	IGSR:HGSVC3:/working/20230501_HGSVC_UL_ONT-UW/HG01114	unknown
HG02018	hifi	m54329U_220129_124757.hifi_reads	IGSR:HGSVC3:/working/20220418_UW_HiFi/HG02018	unknown
HG02018	hifi	m54329U_220128_015221.hifi_reads	IGSR:HGSVC3:/working/20220418_UW_HiFi/HG02018	unknown
HG02018	hifi	m54329U_220125_004416.hifi_reads	IGSR:HGSVC3:/working/20220418_UW_HiFi/HG02018	unknown
HG02018	ont	20230210_HG02018_UL_eee-prom1-3B-PAG76493_guppy-5.0.11-sup-prom_fastq_pass	IGSR:HGSVC3:/working/20230501_HGSVC_UL_ONT-UW/HG02018	unknown
HG02018	ont	20221207_HG02018_UL_eee-prom1-2C-PAG68624_guppy-5.0.11-sup-prom_fastq_pass	IGSR:HGSVC3:/working/20230501_HGSVC_UL_ONT-UW/HG02018	unknown
HG02018	ont	20221206_HG02018_UL_eee-prom1-2C-PAG68624_guppy-5.0.11-sup-prom_fastq_pass	IGSR:HGSVC3:/working/20230501_HGSVC_UL_ONT-UW/HG02018	unknown
HG02018	ont	20221130_HG02018_UL_eee-prom1-2C-PAM77931_guppy-5.0.11-sup-prom_fastq_pass	IGSR:HGSVC3:/working/20230501_HGSVC_UL_ONT-UW/HG02018	unknown
HG02018	ont	20221108_HG02018_UL_eee-prom1-3B-PAM64235_guppy-5.0.11-sup-prom_fastq_pass	IGSR:HGSVC3:/working/20230501_HGSVC_UL_ONT-UW/HG02018	unknown
HG02018	ont	20221102_HG02018_UL_eee-prom1-3H-PAM78744_guppy-5.0.11-sup-prom_fastq_pass	IGSR:HGSVC3:/working/20230501_HGSVC_UL_ONT-UW/HG02018	unknown
HG02018	ont	20221101_HG02018_UL_eee-prom1-1G-PAM79302_guppy-5.0.11-sup-prom_fastq_pass	IGSR:HGSVC3:/working/20230501_HGSVC_UL_ONT-UW/HG02018	unknown
HG02018	ont	20221025_HG02018_UL_eee-prom1-1D-PAM78083_guppy-5.0.11-sup-prom_fastq_pass	IGSR:HGSVC3:/working/20230501_HGSVC_UL_ONT-UW/HG02018	unknown
NA19036	hifi	m64076_220130_234407.hifi_reads	IGSR:HGSVC3:/working/20220418_UW_HiFi/NA19036	unknown
NA19036	hifi	m64076_220129_125006.hifi_reads	IGSR:HGSVC3:/working/20220418_UW_HiFi/NA19036	unknown
NA19036	hifi	m64076_220125_004322.hifi_reads	IGSR:HGSVC3:/working/20220418_UW_HiFi/NA19036	unknown
NA19036	ont	20230210_NA19036_UL_eee-prom1-3C-PAG85559_guppy-5.0.11-sup-prom_fastq_pass	IGSR:HGSVC3:/working/20230501_HGSVC_UL_ONT-UW/NA19036	unknown
NA19036	ont	20221130_NA19036_UL_eee-prom1-2D-PAG70076_guppy-5.0.11-sup-prom_fastq_pass	IGSR:HGSVC3:/working/20230501_HGSVC_UL_ONT-UW/NA19036	unknown
NA19036	ont	20221115_NA19036_UL_eee-prom1-2B-PAM78537_guppy-5.0.11-sup-prom_fastq_pass	IGSR:HGSVC3:/working/20230501_HGSVC_UL_ONT-UW/NA19036	unknown
NA19036	ont	20221110_NA19036_UL_eee-prom1-3C-PAM78532_guppy-5.0.11-sup-prom_fastq_pass	IGSR:HGSVC3:/working/20230501_HGSVC_UL_ONT-UW/NA19036	unknown
NA19036	ont	20221108_NA19036_UL_eee-prom1-3C-PAM78532_guppy-5.0.11-sup-prom_fastq_pass	IGSR:HGSVC3:/working/20230501_HGSVC_UL_ONT-UW/NA19036	unknown
NA19036	ont	20221101_NA19036_UL_eee-prom1-1F-PAM77935_guppy-5.0.11-sup-prom_fastq_pass	IGSR:HGSVC3:/working/20230501_HGSVC_UL_ONT-UW/NA19036	unknown
NA12329	hifi	m64076_220128_015732.hifi_reads	IGSR:HGSVC3:/working/20220418_UW_HiFi/NA12329	unknown
NA12329	hifi	m64076_220126_113534.hifi_reads	IGSR:HGSVC3:/working/20220418_UW_HiFi/NA12329	unknown
NA12329	hifi	m64076_220122_011847.hifi_reads	IGSR:HGSVC3:/working/20220418_UW_HiFi/NA12329	unknown
NA19983	hifi	m64076_220217_122931.hifi_reads	IGSR:HGSVC3:/working/20220418_UW_HiFi/NA19983	unknown
NA19983	hifi	m54329U_220219_025145.hifi_reads	IGSR:HGSVC3:/working/20220418_UW_HiFi/NA19983	unknown
NA19983	hifi	m54329U_220211_113834.hifi_reads	IGSR:HGSVC3:/working/20220418_UW_HiFi/NA19983	unknown
NA19983	ont	20230215_NA19983_UL_eee-prom1-3B-PAM44162_guppy-5.0.11-sup-prom_fastq_pass	IGSR:HGSVC3:/working/20230501_HGSVC_UL_ONT-UW/NA19983	unknown
NA19983	ont	20230214_NA19983_UL_eee-prom1-3B-PAM44162_guppy-5.0.11-sup-prom_fastq_pass	IGSR:HGSVC3:/working/20230501_HGSVC_UL_ONT-UW/NA19983	unknown
NA19983	ont	20230209_NA19983_UL_eee-prom1-3H-PAG66270_guppy-5.0.11-sup-prom_fastq_pass	IGSR:HGSVC3:/working/20230501_HGSVC_UL_ONT-UW/NA19983	unknown
NA19983	ont	20230208_NA19983_UL_eee-prom1-2F-PAG84371_guppy-5.0.11-sup-prom_fastq_pass	IGSR:HGSVC3:/working/20230501_HGSVC_UL_ONT-UW/NA19983	unknown
NA19983	ont	20230207_NA19983_UL_eee-prom1-3H-PAG66270_guppy-5.0.11-sup-prom_fastq_pass	IGSR:HGSVC3:/working/20230501_HGSVC_UL_ONT-UW/NA19983	unknown
NA19983	ont	20230202_NA19983_UL_eee-prom1-3H-PAG84419_guppy-5.0.11-sup-prom_fastq_pass	IGSR:HGSVC3:/working/20230501_HGSVC_UL_ONT-UW/NA19983	unknown
NA19983	ont	20230201_NA19983_UL_eee-prom1-3H-PAG84419_guppy-5.0.11-sup-prom_fastq_pass	IGSR:HGSVC3:/working/20230501_HGSVC_UL_ONT-UW/NA19983	unknown
NA19983	ont	20230131_NA19983_UL_eee-prom1-3H-PAG84419_guppy-5.0.11-sup-prom_fastq_pass	IGSR:HGSVC3:/working/20230501_HGSVC_UL_ONT-UW/NA19983	unknown
NA19983	ont	20230131_NA19983_UL_eee-prom1-2G-PAG79639_guppy-5.0.11-sup-prom_fastq_pass	IGSR:HGSVC3:/working/20230501_HGSVC_UL_ONT-UW/NA19983	unknown
HG03683	ont	20230223_HG03683_UL_eee-prom1-3E-PAM43089_guppy-5.0.11-sup-prom_fastq_pass	IGSR:HGSVC3:/working/20230501_HGSVC_UL_ONT-UW/HG03683	unknown
HG03683	ont	20230223_HG03683_UL_eee-prom1-2B-PAM43089_guppy-5.0.11-sup-prom_fastq_pass	IGSR:HGSVC3:/working/20230501_HGSVC_UL_ONT-UW/HG03683	unknown
HG03683	ont	20230221_HG03683_UL_eee-prom1-3F-PAM41696_guppy-5.0.11-sup-prom_fastq_pass	IGSR:HGSVC3:/working/20230501_HGSVC_UL_ONT-UW/HG03683	unknown
HG03683	ont	20230221_HG03683_UL_eee-prom1-3E-PAM43089_guppy-5.0.11-sup-prom_fastq_pass	IGSR:HGSVC3:/working/20230501_HGSVC_UL_ONT-UW/HG03683	unknown
HG03683	ont	20230214_HG03683_UL_eee-prom1-2H-PAG77581_guppy-5.0.11-sup-prom_fastq_pass	IGSR:HGSVC3:/working/20230501_HGSVC_UL_ONT-UW/HG03683	unknown
HG03683	ont	20230214_HG03683_UL_eee-prom1-2G-PAG79669_guppy-5.0.11-sup-prom_fastq_pass	IGSR:HGSVC3:/working/20230501_HGSVC_UL_ONT-UW/HG03683	unknown
HG00864	hifi	m64076_220214_105131.hifi_reads	IGSR:HGSVC3:/working/20220418_UW_HiFi/HG00864	unknown
HG00864	hifi	m64076_220212_235702.hifi_reads	IGSR:HGSVC3:/working/20220418_UW_HiFi/HG00864	unknown
HG00864	hifi	m64076_220206_113231.hifi_reads	IGSR:HGSVC3:/working/20220418_UW_HiFi/HG00864	unknown
NA20847	hifi	m64076_220207_222645.hifi_reads	IGSR:HGSVC3:/working/20220418_UW_HiFi/NA20847	unknown
NA20847	hifi	m64076_220205_003337.hifi_reads	IGSR:HGSVC3:/working/20220418_UW_HiFi/NA20847	unknown
NA20847	hifi	m64076_220202_232805.hifi_reads	IGSR:HGSVC3:/working/20220418_UW_HiFi/NA20847	unknown
HG02818	hifi	m64043_200207_235213.ccs	AWS:HPRC:working/HPRC_PLUS/HG02818/raw_data/PacBio_HiFi	PRJNA339722
HG02818	hifi	HG02818_m64043_200209_061852.SRR14611219.lib1	AWS:HPRC:working/HPRC_PLUS/HG02818/raw_data/PacBio_HiFi	PRJNA731524
HG02818	ont	HG02818_20211110_UL_eee-prom1-2A-PAI18607_guppy-5.0.11-sup-prom_fastq_pass	IGSR:HGSVC3:/working/20230501_HGSVC_UL_ONT-UW/HG02818	unknown
HG02818	ont	HG02818_20211109_UL_eee-prom1-1D-PAI18279_guppy-5.0.11-sup-prom_fastq_pass	IGSR:HGSVC3:/working/20230501_HGSVC_UL_ONT-UW/HG02818	unknown
HG02818	ont	HG02818_20211109_UL_eee-prom1-1C-PAI19866_guppy-5.0.11-sup-prom_fastq_pass	IGSR:HGSVC3:/working/20230501_HGSVC_UL_ONT-UW/HG02818	unknown
HG02818	ont	HG02818_20210908_UL_eee-prom1-2E-PAH61807_guppy-5.0.11-sup-prom_fastq_pass	IGSR:HGSVC3:/working/20230501_HGSVC_UL_ONT-UW/HG02818	unknown
HG02818	ont	HG02818_20210810_UL_eee-prom1-2C-PAH40179_guppy-5.0.11-sup-prom_fastq_pass	IGSR:HGSVC3:/working/20230501_HGSVC_UL_ONT-UW/HG02818	unknown
HG02818	ont	HG02818_20210713_UL_eee-prom1-2B-PAH36289_guppy-5.0.11-sup-prom_fastq_pass	IGSR:HGSVC3:/working/20230501_HGSVC_UL_ONT-UW/HG02818	unknown
HG01352	hifi	m54329U_210330_183359.hifi_reads	IGSR:HGSVC3:/working/20210509_UW_HiFi/HG01352	unknown
HG01352	hifi	m54329U_210320_235902.hifi_reads	IGSR:HGSVC3:/working/20210509_UW_HiFi/HG01352	unknown
HG01352	hifi	m54329U_200826_013039.ccs	IGSR:HGSVC3:/working/20210509_UW_HiFi/HG01352	unknown
HG01352	hifi	m54329U_200824_191532.ccs	IGSR:HGSVC3:/working/20210509_UW_HiFi/HG01352	unknown
HG01352	hifi	m54329U_200819_192918.ccs	IGSR:HGSVC3:/working/20210509_UW_HiFi/HG01352	unknown
HG01352	ont	HG01352_20211102_UL_eee-prom1-1A-PAI18864_guppy-5.0.11-sup-prom_fastq_pass	IGSR:HGSVC3:/working/20230501_HGSVC_UL_ONT-UW/HG01352	unknown
HG01352	ont	HG01352_20210928_UL_eee-prom1-3A-PAH79825_guppy-5.0.11-sup-prom_fastq_pass	IGSR:HGSVC3:/working/20230501_HGSVC_UL_ONT-UW/HG01352	unknown
HG01352	ont	HG01352_20210917_UL_eee-prom1-3A-PAH79870_guppy-5.0.11-sup-prom_fastq_pass	IGSR:HGSVC3:/working/20230501_HGSVC_UL_ONT-UW/HG01352	unknown
HG01352	ont	HG01352_20210915_UL_eee-prom1-3A-PAH79870_guppy-5.0.11-sup-prom_fastq_pass	IGSR:HGSVC3:/working/20230501_HGSVC_UL_ONT-UW/HG01352	unknown
HG01352	ont	HG01352_20210902_UL_eee-prom1-3D-PAH62033_guppy-5.0.11-sup-prom_fastq_pass	IGSR:HGSVC3:/working/20230501_HGSVC_UL_ONT-UW/HG01352	unknown
HG01352	ont	HG01352_20210831_UL_eee-prom1-3D-PAH62033_guppy-5.0.11-sup-prom_fastq_pass	IGSR:HGSVC3:/working/20230501_HGSVC_UL_ONT-UW/HG01352	unknown
HG01352	ont	HG01352_20210819_UL_eee-prom1-1C-PAH34287_guppy-5.0.11-sup-prom_fastq_pass	IGSR:HGSVC3:/working/20230501_HGSVC_UL_ONT-UW/HG01352	unknown
HG01352	ont	HG01352_20210817_UL_eee-prom1-1C-PAH34287_guppy-5.0.11-sup-prom_fastq_pass	IGSR:HGSVC3:/working/20230501_HGSVC_UL_ONT-UW/HG01352	unknown
HG01352	ont	HG01352_20210817_UL_eee-prom1-1A-PAH35732_guppy-5.0.11-sup-prom_fastq_pass	IGSR:HGSVC3:/working/20230501_HGSVC_UL_ONT-UW/HG01352	unknown
HG01352	ont	HG01352_20210805_UL_eee-prom1-3B-PAH34256_guppy-5.0.11-sup-prom_fastq_pass	IGSR:HGSVC3:/working/20230501_HGSVC_UL_ONT-UW/HG01352	unknown
HG01352	ont	HG01352_20210804_UL_eee-prom1-3B-PAH34256_guppy-5.0.11-sup-prom_fastq_pass	IGSR:HGSVC3:/working/20230501_HGSVC_UL_ONT-UW/HG01352	unknown
HG01352	ont	HG01352_20210803_UL_eee-prom1-3B-PAH34256_guppy-5.0.11-sup-prom_fastq_pass	IGSR:HGSVC3:/working/20230501_HGSVC_UL_ONT-UW/HG01352	unknown
HG02059	hifi	m64076_200823_041159.ccs	IGSR:HGSVC3:/working/20210509_UW_HiFi/HG02059	unknown
HG02059	hifi	m64076_200821_215706.ccs	IGSR:HGSVC3:/working/20210509_UW_HiFi/HG02059	unknown
HG02059	hifi	m64076_200818_185305.ccs	IGSR:HGSVC3:/working/20210509_UW_HiFi/HG02059	unknown
HG02059	hifi	m54329U_210505_001822.hifi_reads	IGSR:HGSVC3:/working/20210509_UW_HiFi/HG02059	unknown
HG02059	hifi	m54329U_210430_224654.hifi_reads	IGSR:HGSVC3:/working/20210509_UW_HiFi/HG02059	unknown
HG02059	ont	HG02059_20211109_UL_eee-prom1-1B-PAI18586_guppy-5.0.11-sup-prom_fastq_pass	IGSR:HGSVC3:/working/20230501_HGSVC_UL_ONT-UW/HG02059	unknown
HG02059	ont	HG02059_20211104_UL_eee-prom1-1B-PAI18840_guppy-5.0.11-sup-prom_fastq_pass	IGSR:HGSVC3:/working/20230501_HGSVC_UL_ONT-UW/HG02059	unknown
HG02059	ont	HG02059_20211103_UL_eee-prom1-1B-PAI18840_guppy-5.0.11-sup-prom_fastq_pass	IGSR:HGSVC3:/working/20230501_HGSVC_UL_ONT-UW/HG02059	unknown
HG02059	ont	HG02059_20211103_UL_eee-prom1-1B-PAI18840-2_guppy-5.0.11-sup-prom_fastq_pass	IGSR:HGSVC3:/working/20230501_HGSVC_UL_ONT-UW/HG02059	unknown
HG02059	ont	HG02059_20211102_UL_eee-prom1-1B-PAI18840_guppy-5.0.11-sup-prom_fastq_pass	IGSR:HGSVC3:/working/20230501_HGSVC_UL_ONT-UW/HG02059	unknown
HG02059	ont	HG02059_20211102-2_UL_eee-prom1-1B-PAI18840_guppy-5.0.11-sup-prom_fastq_pass	IGSR:HGSVC3:/working/20230501_HGSVC_UL_ONT-UW/HG02059	unknown
HG02059	ont	HG02059_20210922_UL_eee-prom1-2A-PAH80144_guppy-5.0.11-sup-prom_fastq_pass	IGSR:HGSVC3:/working/20230501_HGSVC_UL_ONT-UW/HG02059	unknown
HG02059	ont	HG02059_20210913_UL_eee-prom1-1A-PAH61827_guppy-5.0.11-sup-prom_fastq_pass	IGSR:HGSVC3:/working/20230501_HGSVC_UL_ONT-UW/HG02059	unknown
HG02059	ont	HG02059_20210908_UL_eee-prom1-2F-PAH61827_guppy-5.0.11-sup-prom_fastq_pass	IGSR:HGSVC3:/working/20230501_HGSVC_UL_ONT-UW/HG02059	unknown
HG02059	ont	HG02059_20210819_UL_eee-prom1-1B-PAH34460_guppy-5.0.11-sup-prom_fastq_pass	IGSR:HGSVC3:/working/20230501_HGSVC_UL_ONT-UW/HG02059	unknown
HG02059	ont	HG02059_20210817_UL_eee-prom1-1D-PAH40455_guppy-5.0.11-sup-prom_fastq_pass	IGSR:HGSVC3:/working/20230501_HGSVC_UL_ONT-UW/HG02059	unknown
HG02059	ont	HG02059_20210817_UL_eee-prom1-1B-PAH34460_guppy-5.0.11-sup-prom_fastq_pass	IGSR:HGSVC3:/working/20230501_HGSVC_UL_ONT-UW/HG02059	unknown
NA19434	hifi	EDEVI_20220125_S64049_PL100216561-3_B01.ccs	IGSR:HGSVC3:/working/20211207_UMIGS_HiFi/GM19434	unknown
NA19434	hifi	EDEVI_20220125_S64049_PL100216561-3_A01.ccs	IGSR:HGSVC3:/working/20211207_UMIGS_HiFi/GM19434	unknown
NA19434	hifi	EDEVI_20211130_S64049_PL100216561-1_D01.ccs	IGSR:HGSVC3:/working/20211207_UMIGS_HiFi/GM19434	unknown
NA19434	hifi	EDEVI_20211130_S64049_PL100216561-1_C01.ccs	IGSR:HGSVC3:/working/20211207_UMIGS_HiFi/GM19434	unknown
NA19434	hifi	EDEVI_20210820_S64049_PL100192554-1_B01.ccs	IGSR:HGSVC3:/working/20211207_UMIGS_HiFi/GM19434	unknown
NA19836	hifi	EDEVI_20211122_S64018_PL100179097A-2_B01.ccs	IGSR:HGSVC3:/working/20211207_UMIGS_HiFi/GM19836	unknown
NA19836	hifi	EDEVI_20211103_S64018_PL100179097A-2_D01.ccs	IGSR:HGSVC3:/working/20211207_UMIGS_HiFi/GM19836	unknown
NA19836	hifi	EDEVI_20211001_S64018_PL100179097A-1_C01.ccs	IGSR:HGSVC3:/working/20211207_UMIGS_HiFi/GM19836	unknown
NA19836	hifi	EDEVI_20210902_S64049_PL100193594-1_F01.ccs	IGSR:HGSVC3:/working/20211207_UMIGS_HiFi/GM19836	unknown
NA20355	hifi	m64076_201004_002419.ccs	IGSR:HGSVC3:/working/20210509_UW_HiFi/GM20355	unknown
NA20355	hifi	m64076_201002_180938.ccs	IGSR:HGSVC3:/working/20210509_UW_HiFi/GM20355	unknown
NA20355	hifi	m64076_200930_195351.ccs	IGSR:HGSVC3:/working/20210509_UW_HiFi/GM20355	unknown
NA20355	hifi	m54329U_210220_055130.ccs	IGSR:HGSVC3:/working/20210509_UW_HiFi/GM20355	unknown
NA20355	hifi	m54329U_210124_022104.ccs	IGSR:HGSVC3:/working/20210509_UW_HiFi/GM20355	unknown
NA20355	ont	GM20355_20220125_UL_eee-prom1-3C-PAJ09671_guppy-5.0.11-sup-prom_fastq_pass	IGSR:HGSVC3:/working/20230501_HGSVC_UL_ONT-UW/GM20355	unknown
NA20355	ont	GM20355_20220125_UL_eee-prom1-3B-PAJ10248_guppy-5.0.11-sup-prom_fastq_pass	IGSR:HGSVC3:/working/20230501_HGSVC_UL_ONT-UW/GM20355	unknown
NA20355	ont	GM20355_20220125_UL_eee-prom1-3A-PAJ07962_guppy-5.0.11-sup-prom_fastq_pass	IGSR:HGSVC3:/working/20230501_HGSVC_UL_ONT-UW/GM20355	unknown
NA20355	ont	GM20355_20220118_UL_eee-prom1-2C-PAI19294_guppy-5.0.11-sup-prom_fastq_pass	IGSR:HGSVC3:/working/20230501_HGSVC_UL_ONT-UW/GM20355	unknown
NA20355	ont	GM20355_20220118_UL_eee-prom1-2B-PAH61789_guppy-5.0.11-sup-prom_fastq_pass	IGSR:HGSVC3:/working/20230501_HGSVC_UL_ONT-UW/GM20355	unknown
NA20355	ont	GM20355_20220105_UL_eee-prom1-2F-PAJ07922_guppy-5.0.11-sup-prom_fastq_pass	IGSR:HGSVC3:/working/20230501_HGSVC_UL_ONT-UW/GM20355	unknown
NA20355	ont	GM20355_20220104_UL_eee-prom1-2B-PAJ02890_guppy-5.0.11-sup-prom_fastq_pass	IGSR:HGSVC3:/working/20230501_HGSVC_UL_ONT-UW/GM20355	unknown
NA20355	ont	GM20355_20220104_UL_eee-prom1-1C-PAK51804_guppy-5.0.11-sup-prom_fastq_pass	IGSR:HGSVC3:/working/20230501_HGSVC_UL_ONT-UW/GM20355	unknown
NA20355	ont	GM20355_20211227_UL_eee-prom1-3C-PAJ09836_guppy-5.0.11-sup-prom_fastq_pass	IGSR:HGSVC3:/working/20230501_HGSVC_UL_ONT-UW/GM20355	unknown
NA20355	ont	GM20355_20211227_UL_eee-prom1-3B-PAJ08036_guppy-5.0.11-sup-prom_fastq_pass	IGSR:HGSVC3:/working/20230501_HGSVC_UL_ONT-UW/GM20355	unknown
NA20355	ont	GM20355_20211215_UL_eee-prom1-1F-PAK55502_guppy-5.0.11-sup-prom_fastq_pass	IGSR:HGSVC3:/working/20230501_HGSVC_UL_ONT-UW/GM20355	unknown
NA20355	ont	GM20355_20211208_UL_eee-prom1-1H-PAI74958_guppy-5.0.11-sup-prom_fastq_pass	IGSR:HGSVC3:/working/20230501_HGSVC_UL_ONT-UW/GM20355	unknown
NA20355	ont	GM20355_20211208_UL_eee-prom1-1G-PAI74889_guppy-5.0.11-sup-prom_fastq_pass	IGSR:HGSVC3:/working/20230501_HGSVC_UL_ONT-UW/GM20355	unknown
NA20355	ont	GM20355_20211202_UL_eee-prom1-2B-PAI18600_guppy-5.0.11-sup-prom_fastq_pass	IGSR:HGSVC3:/working/20230501_HGSVC_UL_ONT-UW/GM20355	unknown
NA20355	ont	GM20355_20211130_UL_eee-prom1-2B-PAI18600_guppy-5.0.11-sup-prom_fastq_pass	IGSR:HGSVC3:/working/20230501_HGSVC_UL_ONT-UW/GM20355	unknown
NA20355	ont	GM20355_20211130_UL_eee-prom1-2A-PAI18600_guppy-5.0.11-sup-prom_fastq_pass	IGSR:HGSVC3:/working/20230501_HGSVC_UL_ONT-UW/GM20355	unknown
NA20355	ont	GM20355_20211021_UL_eee-prom1-3C-PAI05036_guppy-5.0.11-sup-prom_fastq_pass	IGSR:HGSVC3:/working/20230501_HGSVC_UL_ONT-UW/GM20355	unknown
NA20355	ont	GM20355_20211019_UL_eee-prom1-3C-PAI05036_guppy-5.0.11-sup-prom_fastq_pass	IGSR:HGSVC3:/working/20230501_HGSVC_UL_ONT-UW/GM20355	unknown
NA20355	ont	GM20355_20211019_UL_eee-prom1-1A-PAH61837_guppy-5.0.11-sup-prom_fastq_pass	IGSR:HGSVC3:/working/20230501_HGSVC_UL_ONT-UW/GM20355	unknown
NA20355	ont	GM20355_20211008_UL_eee-prom1-3G-PAH80048_guppy-5.0.11-sup-prom_fastq_pass	IGSR:HGSVC3:/working/20230501_HGSVC_UL_ONT-UW/GM20355	unknown
NA20355	ont	GM20355_20211007_UL_eee-prom1-3E-PAI04422_guppy-5.0.11-sup-prom_fastq_pass	IGSR:HGSVC3:/working/20230501_HGSVC_UL_ONT-UW/GM20355	unknown
NA20355	ont	GM20355_20211006_UL_eee-prom1-3E-PAI04422_guppy-5.0.11-sup-prom_fastq_pass	IGSR:HGSVC3:/working/20230501_HGSVC_UL_ONT-UW/GM20355	unknown
NA20355	ont	20220308_GM20355_UL_eee-prom1-3D-PAJ09168_guppy-5.0.11-sup-prom_fastq_pass	IGSR:HGSVC3:/working/20230501_HGSVC_UL_ONT-UW/GM20355	unknown
NA20355	ont	20220301_GM20355_UL_eee-prom1-1G-PAJ09797_guppy-5.0.11-sup-prom_fastq_pass	IGSR:HGSVC3:/working/20230501_HGSVC_UL_ONT-UW/GM20355	unknown
NA20355	ont	20220301_GM20355_UL_eee-prom1-1F-PAJ02893_guppy-5.0.11-sup-prom_fastq_pass	IGSR:HGSVC3:/working/20230501_HGSVC_UL_ONT-UW/GM20355	unknown
NA19129	hifi	m64076_210423_190653.hifi_reads	IGSR:HGSVC3:/working/20220418_UW_HiFi/GM19129	unknown
NA19129	hifi	m64076_201026_210420.ccs	IGSR:HGSVC3:/working/20220418_UW_HiFi/GM19129	unknown
NA19129	hifi	m64076_201025_005549.ccs	IGSR:HGSVC3:/working/20220418_UW_HiFi/GM19129	unknown
NA19129	hifi	m64076_201023_184120.ccs	IGSR:HGSVC3:/working/20220418_UW_HiFi/GM19129	unknown
NA19129	hifi	m54329U_210516_043155-bc1022_BAK8B_OA.hifi_reads	IGSR:HGSVC3:/working/20220418_UW_HiFi/GM19129	unknown
NA19129	hifi	m54329U_210507_224951-bc1022_BAK8B_OA.hifi_reads	IGSR:HGSVC3:/working/20220418_UW_HiFi/GM19129	unknown
NA19129	hifi	m54329U_210223_194607.ccs	IGSR:HGSVC3:/working/20220418_UW_HiFi/GM19129	unknown
NA19129	hifi	m54329U_201021_182400.ccs	IGSR:HGSVC3:/working/20220418_UW_HiFi/GM19129	unknown
NA19129	ont	GM19129_20220104_UL_eee-prom1-1D-PAJ02871_guppy-5.0.11-sup-prom_fastq_pass	IGSR:HGSVC3:/working/20230501_HGSVC_UL_ONT-UW/GM19129	unknown
NA19129	ont	GM19129_20211227_UL_eee-prom1-3D-PAJ09653_guppy-5.0.11-sup-prom_fastq_pass	IGSR:HGSVC3:/working/20230501_HGSVC_UL_ONT-UW/GM19129	unknown
NA19129	ont	GM19129_20211215_UL_eee-prom1-1D-PAK55439_guppy-5.0.11-sup-prom_fastq_pass	IGSR:HGSVC3:/working/20230501_HGSVC_UL_ONT-UW/GM19129	unknown
NA19129	ont	GM19129_20211215_UL_eee-prom1-1C-PAK55818_guppy-5.0.11-sup-prom_fastq_pass	IGSR:HGSVC3:/working/20230501_HGSVC_UL_ONT-UW/GM19129	unknown
NA19129	ont	GM19129_20210928_UL_eee-prom1-3G-PAH95198_guppy-5.0.11-sup-prom_fastq_pass	IGSR:HGSVC3:/working/20230501_HGSVC_UL_ONT-UW/GM19129	unknown
NA19129	ont	GM19129_20210921_UL_eee-prom1-1B-PAH95198_guppy-5.0.11-sup-prom_fastq_pass	IGSR:HGSVC3:/working/20230501_HGSVC_UL_ONT-UW/GM19129	unknown
NA19129	ont	GM19129_20210915_UL_eee-prom1-3D-PAH94870_guppy-5.0.11-sup-prom_fastq_pass	IGSR:HGSVC3:/working/20230501_HGSVC_UL_ONT-UW/GM19129	unknown
HG02769	hifi	m54329U_210221_195419.ccs	IGSR:HGSVC3:/working/20210509_UW_HiFi/HG02769	unknown
HG02769	hifi	m54329U_210127_001445.ccs	IGSR:HGSVC3:/working/20210509_UW_HiFi/HG02769	unknown
HG02769	hifi	m54329U_210125_180102.ccs	IGSR:HGSVC3:/working/20210509_UW_HiFi/HG02769	unknown
HG02769	hifi	m54329U_210122_200631.ccs	IGSR:HGSVC3:/working/20210509_UW_HiFi/HG02769	unknown
HG02769	ont	HG02769_20220118_UL_eee-prom1-2A-PAH79896_guppy-5.0.11-sup-prom_fastq_pass	IGSR:HGSVC3:/working/20230501_HGSVC_UL_ONT-UW/HG02769	unknown
HG02769	ont	HG02769_20220104_UL_eee-prom1-1A-PAK51816_guppy-5.0.11-sup-prom_fastq_pass	IGSR:HGSVC3:/working/20230501_HGSVC_UL_ONT-UW/HG02769	unknown
HG02769	ont	HG02769_20211227_UL_eee-prom1-3A-PAJ09630_guppy-5.0.11-sup-prom_fastq_pass	IGSR:HGSVC3:/working/20230501_HGSVC_UL_ONT-UW/HG02769	unknown
HG02769	ont	HG02769_20211220_UL_eee-prom1-1H-PAJ08316_guppy-5.0.11-sup-prom_fastq_pass	IGSR:HGSVC3:/working/20230501_HGSVC_UL_ONT-UW/HG02769	unknown
HG02769	ont	HG02769_20211208_UL_eee-prom1-1F-PAI74941_guppy-5.0.11-sup-prom_fastq_pass	IGSR:HGSVC3:/working/20230501_HGSVC_UL_ONT-UW/HG02769	unknown
HG02769	ont	HG02769_20211202_UL_eee-prom1-1F-PAI20069_guppy-5.0.11-sup-prom_fastq_pass	IGSR:HGSVC3:/working/20230501_HGSVC_UL_ONT-UW/HG02769	unknown
HG02769	ont	HG02769_20211201_UL_eee-prom1-1F-PAI20069_guppy-5.0.11-sup-prom_fastq_pass	IGSR:HGSVC3:/working/20230501_HGSVC_UL_ONT-UW/HG02769	unknown
HG02769	ont	HG02769_20211130_UL_eee-prom1-1B-PAI20069_guppy-5.0.11-sup-prom_fastq_pass	IGSR:HGSVC3:/working/20230501_HGSVC_UL_ONT-UW/HG02769	unknown
HG02769	ont	HG02769_20211117_UL_eee-prom1-3A-PAI18834_guppy-5.0.11-sup-prom_fastq_pass	IGSR:HGSVC3:/working/20230501_HGSVC_UL_ONT-UW/HG02769	unknown
HG02769	ont	HG02769_20211117_UL_eee-prom1-3A-PAI18834-2_guppy-5.0.11-sup-prom_fastq_pass	IGSR:HGSVC3:/working/20230501_HGSVC_UL_ONT-UW/HG02769	unknown
HG02769	ont	HG02769_20211116_UL_eee-prom1-3A-PAI18834_guppy-5.0.11-sup-prom_fastq_pass	IGSR:HGSVC3:/working/20230501_HGSVC_UL_ONT-UW/HG02769	unknown
HG02769	ont	HG02769_20211104_UL_eee-prom1-1C-PAI18970_guppy-5.0.11-sup-prom_fastq_pass	IGSR:HGSVC3:/working/20230501_HGSVC_UL_ONT-UW/HG02769	unknown
HG02769	ont	HG02769_20211103_UL_eee-prom1-1C-PAI18970_guppy-5.0.11-sup-prom_fastq_pass	IGSR:HGSVC3:/working/20230501_HGSVC_UL_ONT-UW/HG02769	unknown
HG02769	ont	HG02769_20211102_UL_eee-prom1-1C-PAI18970_guppy-5.0.11-sup-prom_fastq_pass	IGSR:HGSVC3:/working/20230501_HGSVC_UL_ONT-UW/HG02769	unknown
HG02769	ont	HG02769_20211102_UL_eee-prom1-1C-PAI18970-2_guppy-5.0.11-sup-prom_fastq_pass	IGSR:HGSVC3:/working/20230501_HGSVC_UL_ONT-UW/HG02769	unknown
HG02769	ont	HG02769_20210922_UL_eee-prom1-2C-PAH79896_guppy-5.0.11-sup-prom_fastq_pass	IGSR:HGSVC3:/working/20230501_HGSVC_UL_ONT-UW/HG02769	unknown
HG02769	ont	HG02769_20210915_UL_eee-prom1-3B-PAH79896_guppy-5.0.11-sup-prom_fastq_pass	IGSR:HGSVC3:/working/20230501_HGSVC_UL_ONT-UW/HG02769	unknown
HG02769	ont	HG02769_20210902_UL_eee-prom1-3H-PAH34317_guppy-5.0.11-sup-prom_fastq_pass	IGSR:HGSVC3:/working/20230501_HGSVC_UL_ONT-UW/HG02769	unknown
HG02769	ont	HG02769_20210901_UL_eee-prom1-3F-PAH61842_guppy-5.0.11-sup-prom_fastq_pass	IGSR:HGSVC3:/working/20230501_HGSVC_UL_ONT-UW/HG02769	unknown
HG02769	ont	HG02769_20210901_UL_eee-prom1-3B-PAH61842_guppy-5.0.11-sup-prom_fastq_pass	IGSR:HGSVC3:/working/20230501_HGSVC_UL_ONT-UW/HG02769	unknown
HG02769	ont	HG02769_20210901_UL_eee-prom1-2B-PAH61842_guppy-5.0.11-sup-prom_fastq_pass	IGSR:HGSVC3:/working/20230501_HGSVC_UL_ONT-UW/HG02769	unknown
HG02769	ont	HG02769_20210831_UL_eee-prom1-3B-PAH61842_guppy-5.0.11-sup-prom_fastq_pass	IGSR:HGSVC3:/working/20230501_HGSVC_UL_ONT-UW/HG02769	unknown
HG02769	ont	HG02769_20210826_UL_eee-prom1-2C-PAH62122_guppy-5.0.11-sup-prom_fastq_pass	IGSR:HGSVC3:/working/20230501_HGSVC_UL_ONT-UW/HG02769	unknown
HG02769	ont	HG02769_20210825_UL_eee-prom1-2C-PAH62122_guppy-5.0.11-sup-prom_fastq_pass	IGSR:HGSVC3:/working/20230501_HGSVC_UL_ONT-UW/HG02769	unknown
HG02769	ont	20220315_HG02769_UL_eee-prom1-2F-PAK03888_guppy-5.0.11-sup-prom_fastq_pass	IGSR:HGSVC3:/working/20230501_HGSVC_UL_ONT-UW/HG02769	unknown
HG03452	hifi	m64076_210201_082658.ccs	IGSR:HGSVC3:/working/20210509_UW_HiFi/HG03452	unknown
HG03452	hifi	m64076_210131_015832.ccs	IGSR:HGSVC3:/working/20210509_UW_HiFi/HG03452	unknown
HG03452	hifi	m64076_210126_175628.ccs	IGSR:HGSVC3:/working/20210509_UW_HiFi/HG03452	unknown
HG03452	ont	HG03452_20211202_UL_eee-prom1-1H-PAI20041_guppy-5.0.11-sup-prom_fastq_pass	IGSR:HGSVC3:/working/20230501_HGSVC_UL_ONT-UW/HG03452	unknown
HG03452	ont	HG03452_20211130_UL_eee-prom1-1H-PAI20041_guppy-5.0.11-sup-prom_fastq_pass	IGSR:HGSVC3:/working/20230501_HGSVC_UL_ONT-UW/HG03452	unknown
HG03452	ont	HG03452_20211019_UL_eee-prom1-3B-PAI05201_guppy-5.0.11-sup-prom_fastq_pass	IGSR:HGSVC3:/working/20230501_HGSVC_UL_ONT-UW/HG03452	unknown
HG03452	ont	HG03452_20211006_UL_eee-prom1-3D-PAI05003_guppy-5.0.11-sup-prom_fastq_pass	IGSR:HGSVC3:/working/20230501_HGSVC_UL_ONT-UW/HG03452	unknown
HG03452	ont	HG03452_20210928_UL_eee-prom1-3F-PAH79890_guppy-5.0.11-sup-prom_fastq_pass	IGSR:HGSVC3:/working/20230501_HGSVC_UL_ONT-UW/HG03452	unknown
HG03452	ont	HG03452_20210915_UL_eee-prom1-3C-PAH79890_guppy-5.0.11-sup-prom_fastq_pass	IGSR:HGSVC3:/working/20230501_HGSVC_UL_ONT-UW/HG03452	unknown
HG03452	ont	HG03452_20210913_UL_eee-prom1-1C-PAH74171_guppy-5.0.11-sup-prom_fastq_pass	IGSR:HGSVC3:/working/20230501_HGSVC_UL_ONT-UW/HG03452	unknown
HG03452	ont	HG03452_20210913_UL_eee-prom1-1B-PAH61824_guppy-5.0.11-sup-prom_fastq_pass	IGSR:HGSVC3:/working/20230501_HGSVC_UL_ONT-UW/HG03452	unknown
HG03452	ont	HG03452_20210908_UL_eee-prom1-2H-PAH74171_guppy-5.0.11-sup-prom_fastq_pass	IGSR:HGSVC3:/working/20230501_HGSVC_UL_ONT-UW/HG03452	unknown
HG03452	ont	HG03452_20210908_UL_eee-prom1-2G-PAH61824_guppy-5.0.11-sup-prom_fastq_pass	IGSR:HGSVC3:/working/20230501_HGSVC_UL_ONT-UW/HG03452	unknown
HG03520	hifi	EDEVI_20211019_S64049_PL100194881-1_B01.ccs	IGSR:HGSVC3:/working/20211207_UMIGS_HiFi/HG03520	unknown
HG03520	hifi	EDEVI_20210924_S64018_PL100194882-1_C01.ccs	IGSR:HGSVC3:/working/20211207_UMIGS_HiFi/HG03520	unknown
HG03520	hifi	EDEVI_20210924_S64018_PL100194882-1_B01.ccs	IGSR:HGSVC3:/working/20211207_UMIGS_HiFi/HG03520	unknown
HG03520	hifi	EDEVI_20210603_S64018_PL100170205A-3_A01.ccs	IGSR:HGSVC3:/working/20211207_UMIGS_HiFi/HG03520	unknown
HG03520	hifi	EDEVI_20210427_S64018_PL100170205A-1_A01.ccs	IGSR:HGSVC3:/working/20211207_UMIGS_HiFi/HG03520	unknown
HG03520	hifi	EDEVI_20210402_S64049_PL100170205-1_B01.ccs	IGSR:HGSVC3:/working/20211207_UMIGS_HiFi/HG03520	unknown
HG02282	hifi	EDEVI_20211019_S64049_PL100194356-2_A01.ccs	IGSR:HGSVC3:/working/20211207_UMIGS_HiFi/HG02282	unknown
HG02282	hifi	EDEVI_20210907_S64018_PL100194356-1_D01.ccs	IGSR:HGSVC3:/working/20211207_UMIGS_HiFi/HG02282	unknown
HG02282	hifi	EDEVI_20210412_S64018_PL100170204-3_C01.ccs	IGSR:HGSVC3:/working/20211207_UMIGS_HiFi/HG02282	unknown
HG02282	hifi	EDEVI_20210412_S64018_PL100170204-3_B01.ccs	IGSR:HGSVC3:/working/20211207_UMIGS_HiFi/HG02282	unknown
HG02282	hifi	EDEVI_20210402_S64049_PL100170204-1_C01.ccs	IGSR:HGSVC3:/working/20211207_UMIGS_HiFi/HG02282	unknown
HG02282	hifi	EDEVI_20210402_S64049_PL100170204-1_A01.ccs	IGSR:HGSVC3:/working/20211207_UMIGS_HiFi/HG02282	unknown
HG02554	ont	HG02554_20211207_UL_eee-prom1-1E-PAI55647_guppy-5.0.11-sup-prom_fastq_pass	IGSR:HGSVC3:/working/20230501_HGSVC_UL_ONT-UW/HG02554	PRJNA988114
HG02554	ont	HG02554_20211202_UL_eee-prom1-1D-PAI18969_guppy-5.0.11-sup-prom_fastq_pass	IGSR:HGSVC3:/working/20230501_HGSVC_UL_ONT-UW/HG02554	PRJNA988114
HG02554	ont	HG02554_20211130_UL_eee-prom1-1D-PAI18969_guppy-5.0.11-sup-prom_fastq_pass	IGSR:HGSVC3:/working/20230501_HGSVC_UL_ONT-UW/HG02554	PRJNA988114
HG02554	ont	HG02554_20211117_UL_eee-prom1-3D-PAI19205_guppy-5.0.11-sup-prom_fastq_pass	IGSR:HGSVC3:/working/20230501_HGSVC_UL_ONT-UW/HG02554	PRJNA988114
HG02554	ont	HG02554_20211117_UL_eee-prom1-3B-PAI19455_guppy-5.0.11-sup-prom_fastq_pass	IGSR:HGSVC3:/working/20230501_HGSVC_UL_ONT-UW/HG02554	PRJNA988114
HG02554	ont	HG02554_20211116_UL_eee-prom1-3D-PAI19205_guppy-5.0.11-sup-prom_fastq_pass	IGSR:HGSVC3:/working/20230501_HGSVC_UL_ONT-UW/HG02554	PRJNA988114
HG02554	ont	HG02554_20211116_UL_eee-prom1-3B-PAI19455_guppy-5.0.11-sup-prom_fastq_pass	IGSR:HGSVC3:/working/20230501_HGSVC_UL_ONT-UW/HG02554	PRJNA988114
HG02554	ont	HG02554_20210825_UL_eee-prom1-2B-PAH61790_guppy-5.0.11-sup-prom_fastq_pass	IGSR:HGSVC3:/working/20230501_HGSVC_UL_ONT-UW/HG02554	PRJNA988114
HG02554	ont	HG02554_20210713_UL_eee-prom1-2A-PAH12704_guppy-5.0.11-sup-prom_fastq_pass	IGSR:HGSVC3:/working/20230501_HGSVC_UL_ONT-UW/HG02554	PRJNA988114
HG02554	ont	HG02554_20210615_UL_eee-prom1-1E-PAG74634_guppy-5.0.11-sup-prom_fastq_pass	IGSR:HGSVC3:/working/20230501_HGSVC_UL_ONT-UW/HG02554	PRJNA988114
HG02953	ont	HG02953_20211103_UL_eee-prom1-1G-PAI18578_guppy-5.0.11-sup-prom_fastq_pass	IGSR:HGSVC3:/working/20230501_HGSVC_UL_ONT-UW/HG02953	PRJNA988114
HG02953	ont	HG02953_20211102_UL_eee-prom1-1D-PAI20036_guppy-5.0.11-sup-prom_fastq_pass	IGSR:HGSVC3:/working/20230501_HGSVC_UL_ONT-UW/HG02953	PRJNA988114
HG02953	ont	HG02953_20210831_UL_eee-prom1-3A-PAH61836_guppy-5.0.11-sup-prom_fastq_pass	IGSR:HGSVC3:/working/20230501_HGSVC_UL_ONT-UW/HG02953	PRJNA988114
HG02953	ont	HG02953_20210825_UL_eee-prom1-2D-PAH61768_guppy-5.0.11-sup-prom_fastq_pass	IGSR:HGSVC3:/working/20230501_HGSVC_UL_ONT-UW/HG02953	PRJNA988114
HG02953	ont	HG02953_20210805_UL_eee-prom1-3A-PAH36212_guppy-5.0.11-sup-prom_fastq_pass	IGSR:HGSVC3:/working/20230501_HGSVC_UL_ONT-UW/HG02953	PRJNA988114
HG02953	ont	HG02953_20210804_UL_eee-prom1-3A-PAH36212_guppy-5.0.11-sup-prom_fastq_pass	IGSR:HGSVC3:/working/20230501_HGSVC_UL_ONT-UW/HG02953	PRJNA988114
HG02953	ont	HG02953_20210803_UL_eee-prom1-3A-PAH36212_guppy-5.0.11-sup-prom_fastq_pass	IGSR:HGSVC3:/working/20230501_HGSVC_UL_ONT-UW/HG02953	PRJNA988114
HG02953	ont	HG02953_20210714_UL_eee-prom1-2E-PAH32423_guppy-5.0.11-sup-prom_fastq_pass	IGSR:HGSVC3:/working/20230501_HGSVC_UL_ONT-UW/HG02953	PRJNA988114
NA21487	hifi	m64076_210409_201438.hifi_reads	IGSR:HGSVC3:/working/20210509_UW_HiFi/GM21487	unknown
NA21487	hifi	m64076_210325_045024.hifi_reads	IGSR:HGSVC3:/working/20210509_UW_HiFi/GM21487	unknown
NA21487	hifi	m54329U_210409_201342.hifi_reads	IGSR:HGSVC3:/working/20210509_UW_HiFi/GM21487	unknown
NA21487	hifi	m54329U_210408_003536.hifi_reads	IGSR:HGSVC3:/working/20210509_UW_HiFi/GM21487	unknown
NA21487	hifi	m54329U_210405_202314.hifi_reads	IGSR:HGSVC3:/working/20210509_UW_HiFi/GM21487	unknown
NA21487	ont	GM21487_20220118_UL_eee-prom1-2D-PAH36599_guppy-5.0.11-sup-prom_fastq_pass	IGSR:HGSVC3:/working/20230501_HGSVC_UL_ONT-UW/GM21487	unknown
NA21487	ont	GM21487_20220104_UL_eee-prom1-1E-PAJ02885_guppy-5.0.11-sup-prom_fastq_pass	IGSR:HGSVC3:/working/20230501_HGSVC_UL_ONT-UW/GM21487	unknown
NA21487	ont	GM21487_20211227_UL_eee-prom1-3F-PAJ08016_guppy-5.0.11-sup-prom_fastq_pass	IGSR:HGSVC3:/working/20230501_HGSVC_UL_ONT-UW/GM21487	unknown
NA21487	ont	GM21487_20211227_UL_eee-prom1-3E-PAJ09825_guppy-5.0.11-sup-prom_fastq_pass	IGSR:HGSVC3:/working/20230501_HGSVC_UL_ONT-UW/GM21487	unknown
NA21487	ont	GM21487_20211220_UL_eee-prom1-1G-PAJ02891_guppy-5.0.11-sup-prom_fastq_pass	IGSR:HGSVC3:/working/20230501_HGSVC_UL_ONT-UW/GM21487	unknown
NA21487	ont	GM21487_20211111_UL_eee-prom1-1A-PAI18572_guppy-5.0.11-sup-prom_fastq_pass	IGSR:HGSVC3:/working/20230501_HGSVC_UL_ONT-UW/GM21487	unknown
NA21487	ont	GM21487_20211110_UL_eee-prom1-1E-PAI04403_guppy-5.0.11-sup-prom_fastq_pass	IGSR:HGSVC3:/working/20230501_HGSVC_UL_ONT-UW/GM21487	unknown
NA21487	ont	GM21487_20211110_UL_eee-prom1-1A-PAI18572_guppy-5.0.11-sup-prom_fastq_pass	IGSR:HGSVC3:/working/20230501_HGSVC_UL_ONT-UW/GM21487	unknown
NA21487	ont	GM21487_20211110-2_UL_eee-prom1-1A-PAI18572_guppy-5.0.11-sup-prom_fastq_pass	IGSR:HGSVC3:/working/20230501_HGSVC_UL_ONT-UW/GM21487	unknown
NA21487	ont	GM21487_20211109_UL_eee-prom1-1A-PAI18572_guppy-5.0.11-sup-prom_fastq_pass	IGSR:HGSVC3:/working/20230501_HGSVC_UL_ONT-UW/GM21487	unknown
NA21487	ont	GM21487_20211019_UL_eee-prom1-3D-PAI04403_guppy-5.0.11-sup-prom_fastq_pass	IGSR:HGSVC3:/working/20230501_HGSVC_UL_ONT-UW/GM21487	unknown
NA21487	ont	GM21487_20210928_UL_eee-prom1-3B-PAH32438_guppy-5.0.11-sup-prom_fastq_pass	IGSR:HGSVC3:/working/20230501_HGSVC_UL_ONT-UW/GM21487	unknown
NA21487	ont	20220308_GM21487_UL_eee-prom1-3E-PAJ09752_guppy-5.0.11-sup-prom_fastq_pass	IGSR:HGSVC3:/working/20230501_HGSVC_UL_ONT-UW/GM21487	unknown
NA21487	ont	20220215_GM21487_UL_eee-prom1-1H-PAJ09274_guppy-5.0.11-sup-prom_fastq_pass	IGSR:HGSVC3:/working/20230501_HGSVC_UL_ONT-UW/GM21487	unknown
HG04036	hifi	m64076_210412_082528.hifi_reads	IGSR:HGSVC3:/working/20210509_UW_HiFi/HG04036	unknown
HG04036	hifi	m64076_210411_021355.hifi_reads	IGSR:HGSVC3:/working/20210509_UW_HiFi/HG04036	unknown
HG04036	hifi	m64076_210408_003515.hifi_reads	IGSR:HGSVC3:/working/20210509_UW_HiFi/HG04036	unknown
HG04036	hifi	m64076_210405_202313.hifi_reads	IGSR:HGSVC3:/working/20210509_UW_HiFi/HG04036	unknown
HG04036	hifi	m54329U_210411_022852.hifi_reads	IGSR:HGSVC3:/working/20210509_UW_HiFi/HG04036	unknown
HG04036	ont	HG04036_20211221_UL_eee-prom1-1E-PAJ02986_guppy-5.0.11-sup-prom_fastq_pass	IGSR:HGSVC3:/working/20230501_HGSVC_UL_ONT-UW/HG04036	unknown
HG04036	ont	HG04036_20211220_UL_eee-prom1-1F-PAJ02848_guppy-5.0.11-sup-prom_fastq_pass	IGSR:HGSVC3:/working/20230501_HGSVC_UL_ONT-UW/HG04036	unknown
HG04036	ont	HG04036_20211220_UL_eee-prom1-1E-PAJ02986_guppy-5.0.11-sup-prom_fastq_pass	IGSR:HGSVC3:/working/20230501_HGSVC_UL_ONT-UW/HG04036	unknown
HG04036	ont	HG04036_20211207_UL_eee-prom1-1B-PAI76381_guppy-5.0.11-sup-prom_fastq_pass	IGSR:HGSVC3:/working/20230501_HGSVC_UL_ONT-UW/HG04036	unknown
HG04036	ont	HG04036_20211008_UL_eee-prom1-3F-PAI05203_guppy-5.0.11-sup-prom_fastq_pass	IGSR:HGSVC3:/working/20230501_HGSVC_UL_ONT-UW/HG04036	unknown
HG04036	ont	HG04036_20211006_UL_eee-prom1-3F-PAI05203_guppy-5.0.11-sup-prom_fastq_pass	IGSR:HGSVC3:/working/20230501_HGSVC_UL_ONT-UW/HG04036	unknown
HG04036	ont	HG04036_20210922_UL_eee-prom1-2B-PAH80217_guppy-5.0.11-sup-prom_fastq_pass	IGSR:HGSVC3:/working/20230501_HGSVC_UL_ONT-UW/HG04036	unknown
