chrom,pos,strand,ME,%ME,%id,%id_ng,%cov,insertion_seq,left_flank_seq,right_flank_seq,TSD_seq,polyX_coords,ME_coords,insertion_coords,match_string
chr22,11860400,+,ALU,100.0%,97.5%,97.9%,100.0%,AAAATGAATGTATACGGCCGGGCGCGGTGGCTCACGCCTGTAATCCCAGCACTTTGGGAGGCCGAGGCGGGCGGATCACGAGGTCAGGAGATCGAAACCATCCCGGCTAAAACGGTGAAACCCCGTCTCTACTAAAAATACAAAAAAATTAGCCGGGCGTAGTGGCGGGCGCCTGTAGTCCCAGCTACTTGGGAGGCTGAGGCAGGAGAATGGCGTGAACCCGGGAGGCGGAGCTTGCAGTGAGCCGAGATCCCGCCACTGCACTCCAGCCTGGGCGACAGAGCGAGACTCCGTCTCAAAAAAAAAAAAAAA,TTCCCAGTTACATGGGATCTATAGTTCTAC,AAAATGAATGTATACATAATCCATGTAAAT,AAAATGAATGTATAC,298-312,1-281,16-297,||||||||||||||||||||||||||||||||||||||||||||||||||||||||||||||||||||||||||||||||.|||||||.||||||.||||||||||||||||||||||||||||||^||||||||||||||||||.||||||||||||||||||||||||||||.||||||||||||||||||||||||||||||||||||||||||||||||||||||||||||||.||||||||||||||||||||||||||||||||||||||||||||
chr22,16414896,+,LINE1,3.3%,34.2%,90.4%,97.1%,ATTTAGAGACTTGTCCAAGATGTATATTAGTTCCTTGACTCTCTGTCCTAACGTAGTCCAGAGACCTGAGCTGTCTGGACATTCTGTAGCATGTTACATTTGTCCATTTT,TTCACATTCATGGGAAGGACAACAGCATGC,ATTTACCAGTTAAAATAGACTGGGTAAGAA,ATTTA,111-110,678-876,5-107,|.||||^||.|vvvv||||^^^^^^^^|.|.|||.||||||^|||vvvvvvvvvvv.||||||vvvvvvvvvvvvvvvvvvvvvvvvvvvvvvvvvvvvvvvvvvvvvvv|||.|||v|.||||vvvvvv|||||vvvv||||||vvvvvvvvvvvvvvvvvvvvvvvvvvv||||||vvvvvvvvvvvvvvvv||||||^|||^^^^||^^^^^||||
chr22,16437275,+,SVA,98.8%,80.4%,92.1%,99.6%,AAAAATTTGCGAGTGCTCAATGGTGCCCAGGCTGGAGTGCAGTGGCGTGATCTCAGCTCGCTACAACCCCCACCTCCCAGCCGCCTGCCTTGGCCTCCCAAAATGCCGAGATTGCAGCCTCTGCCCGGCCGCCACCCCGTCTGGGAAGTGAGGAGCATCTCTGCCTGGCCGCCCATCGTCTGGGATGTGAGGAGCCCCTCAGCCTGGCTGCCCAGTCTGGAAAGTGAGGAGCGTCTCTGCCTGGCCGCCATCCCATCTAGGAAGTGAGGAGCGCTTCTGCCCGGCCGCCCATCTTCTGAGATGTGGGGAGCGCCTCTGCCCTGCCACCCCATCTGGGATGTGAGGAGCACCTCTGCCCGGCCGCGACCCCGTCTGGGAGGTGAGGAGCTTCTCTGCCCGGCCGCCCCGTCTGAGAAGTGAGGAGACCCTCTGCCTGGCAACCGCCCCATCTGAGAAGTGAGGAGCCCCTCCGCCCAGCAGCCACCCCGTCTGGGAAGTGAGGAGCGTCTCTGCCCGGCAGCCACCCTACCCGGGAGGGAGGTGGGGGTTCAGCCCCCCGCCCGGTCAGCCACCCCATCCGAGAGGTGAGGGGCGCCTCTGCCCGGCCGCCCCTACTGGGAAGTGAGGAGCCCCTCTGCCCGGCCAGCCGCCCCGTCTGAGAGGGAGGTGGGGGGGTTAGCCCCCCGCCCGGCCAGCCGCCCCGTCTGGGAGGGAGGTGGGGGGGTCTGCCCTTCGCCCGGCCAGCCGCTCCGTCCAGGAGGTGAGGGGCGCCTCTGCCCGGCCGCGCCTAATGGGAAGTGAGGAGCCCCTCTGCCAGGCCACCACCCCATCTGGGAGGTGTACCCAACAGCTCATTGAGAACGGGCCATGATGACAATGGCGGTTTTGTGGAATAGAAAGGGGGGAAAGGTGGGGAAAAGATTGAGAAATCGGATGGTTGCCGTGTCTGTGTAGAAAGAAGTATACATGGGAGACTTTTCATTTTGTTCTGTACTAAGAAAAATTCTTCTGCCTTGGGATCCTGTTGATCTGTGACCTTATCCCCAACCCTGTGCTCTCTGAAACATGTGCTGTGTCCACTCAGGGTTAAATGGATTAAGGACGGTGCAAGATGTGCTTTGTTAAAAAGATGCTTGAAGGCAGCATGCTCGTTAAGAGTCATCACCACTCCCTAATCTCAAGTACCCAGGGACACAAACACGGCGGAAGGCCGCAAGGTCCTCTGCCTAGGAAAACCAGAGACCTTTGTTCACTTGTTTATCTGCTGACCTTCCCTCCACTATTGTCCTATGACCCTGCCAAATCCCCCTCTGCGAGAAACACCCAAGAATGATCAATAACAAAAAAAAAAAAAGAAAAA,ATGGTGAAACCCCGTCTCTACTAAAAATAC,AAAAATTTGCTGGGCCTGGTGGTGCGCGCC,AAAAATTTGC,1339-1360,17-1316,16-1338,|||^^^^^|.||||^^^|||..|.|vvvvvvvvvvvvvv|||..|||...|||||^^.|||^|||^^^^^^^^|...|||.||||||||||||||||||||.||||||||||||||||||||||||||||||||||||||||||||||||||||..||||.||||||||.|||||||||||||||^^^^^^^^^^^^^^^^^^^^^^^^^^^^^^^^^^^^^||||||||||||^^^^^^^^^^^^^^^^^^^^^^^^^^^^^^^^^^^^^^^^|||||||.||||||||||.|||||||||||||||||.|||||||||.|||.||||.||.||||||||||||||..|.|||||||||||^^^|||||||||.||.||||||||...|||||||.||vvv||||.||.||||||||||||||||.|||||.|||.||||.||||||..|||||||||||||||||||||||||||||||||||||..|||.|||^||.||||vvvvvvvvvv|||^.|.|.||||||v|||||.|||...|||||||||||||v|||||.|||||||||.||||||.|||||.||||.||||.||.||||||||||||||||||||||||||||||||||||||||||||||vvvvvvvvvvvvvvvvvvvvvvvvvvvvvvvvvvvvvvvvvvvvvvvvv|||.|.||||||||||||||||||||.|.|||||||||||||||.|.||||||||||||.|||||||||||||||.||||||||||||||||||||.||||..|||||||||||||||.|.||||.||||||||||||||||||||||||||||||||||.|||.||||||||||||||||||||.||||||||||||.||||||||||||.|||||||||||||||||||.|||||||||||||||||||||||||||||||||||||||||||||||||||||||||||||||||||||||||||||||||||||||||||||||||.|||.||.|||||||||||||||||||||||||||||||||||||||||||||||||||||||||||||||.|||||||||.|||||||||||||||||||||||||||||||||.|||||||||||||.|||||||||||..||||||||||||||||||||||||.|||||||||||||||||||||||.||||||||||||||||||||||||||||||||||||||||||||||||||.|||||||||||||.|||||||||||||||||||||||||||||||||||||||||||||||||||||||||||||||||||||||||.|||||||||||||||||||||||.||||||||||||||||||||||||
chr22,16765164,+,LINE1,100.0%,99.6%,99.7%,100.0%,AAAGAACTCCTGGGGAGGAGCCAAGATGGCCGAATAGGAACAGCTCAGGTCTACAGCTCCCAGCGTGAGCGACGCAGAAGACGGTGATTTCTGCATTTCCATCTGAGGTACCGGGTTCATCTCACTAGGGAGTGCCAGACAGTGGGCGCAGGCCAGTGTGTGTGCGCACCATGCGCGAGCCGAAGCAGGGCGAGGCATTGCCTCACCTGGGAAGCGCAAGGGGTCAGGGAGTTCCCTTTCCGAGTCAAAGAAAGGGGTGACGGTCGCACCTGGAAAATCGGGTCACTCCCACCCGAATATTGCGCTTTTCAGACCGGCTTAAGAAACGGCGCACCACGAGACTATATCCCACACCTGGCTCGGAGGGTCCTACGCCCACGGAATCTCGCTGATTGCTAGCACAGCAGTCTGAGATCAAACTGCAAGGCGGCAACGAGGCTGGGGGAGGGGCGCCCGCCATTGCCCAGGCTTGCTTAGGTAAACAAAGCAGCCGGGAAGCTCGAACTGGGTGGAGCCCACCACAGCTCAAGGAGGCCTGCCTGCCTCTGTAGGCTCCACCTCTGGGGGCAGGGCACAGACAAACAAAAAGACAGCAGTAACCTCTGCAGACTTAAGTGTCCCTGTCTGACAGCTTTGAAGAGAGCAGTGGTTCTCCCAGCACGCAGCTGGAGATCTGAGAACGGGCAGACTGCCTCCTCAAGTGGGTCCCTGACTCCTGACCCCCGAGCAGCCTAACTGGGAGGCACCCCCCAGCAGGGGCACACTGACACCTCACACGGCAGGGTATTCCAACAGACCTGCAGCTGAGGGTCCTGTCTGTTAGAAGGAAAACTAACAACCAGAAAGGACATCTACACCGAAAACCCATCTGTACATCACCATCATCAAAGACCAAAAGTAGATAAAACCACAAAGATGGGGAAAAAACAGAACAGAAAAACTGGAAACTCTAAAACGCAGAGCGCCTCTCCTCCTCCAAAGGAACGCAGTTCCTCACCAGCAACAGAACAAAGCTGGATGGAGAATGATTTTGACGAGCTGAGAGAAGAAGGCTTCAGACGATCAAATTACTCTGAGCTACGGGAGGACATTCAAACCAAAGGCAAAGAAGTTGAAAACTTTGAAAAAAATTTAGAAGAATGTATAACTAGAATAACCAATACAGAGAAGTGCTTAAAGGAGCTGATGGAGCTGAAAACCAAGGCTCGAGAACTACGTGAAGAATGCAGAAGCCTCAGGAGCCGATGCGATCAACTGGAAGAAAGGGTATCAGCAATGGAAGATGAAATGAATGAAATGAAGCGAGAAGGGAAGTTTAGAGAAAAAAGAATAAAAAGAAATGAGCAAAGCCTCCAAGAAATATGGGACTATGTGAAAAGACCAAATCTACGTCTGATTGGTGTACCTGAAAGTGATGTGGAGAATGGAACCAAGTTGGAAAACACTCTGCAGGATATTATCCAGGAGAACTTCCCCAATCTAGCAAGGCAGGCCAACGTTCAGATTCAGGAAATACAGAGAACACCACAAAGATACTCCTCGAGAAGAGCAACTCCAAGACACATAATTGTCAGATTCACCAAAGTTGAAATGAAGGAAAAAATGTTAAGGGCAGCCAGAGAGAAAGGTCGGGTTACCCTCAAAGGAAAGCCCATCAGACTAACAGCAGATCTCTCGGCAGAAACCCTACAAGCCAGAAGAGAGTGGGGGCCAATATTCAACATTCTTAAAGAAAAGAATTTTCAACCCAGAATTTCATATCCAGCCAAACTAAGCTTCATAAGTGAAGGAGAAATAAAATACTTTATAGACAAGCAAATGTTGAGAGATTTTGTCACCACCAGGCCTGCCCTAAAAGAGCTCCTGAAGGAAGCGCTAAACATGGAAAGGAACAACCGGTACCAGCCGCTGCAAAATCATGCCAAAATGTAAAGACCATCGAGACTAGGAAGAAACTGCATCAACTAATGAGCAAAATCACCAGCTAACATCATAATGACAGGATCAAATTCACACATAACAATATTAACTTTAAATATAAATGGACTAAATTCTGCAATTAAAAGACACAGACTGGCAAGTTGGATAAAGAGTCAAGACCCATCAGTGTGCTGTATTCAGGAAATCCATCTCACGTGCAGAGACACACATAGGCTCAAAATAAAAGGATGGAGGAAGATCTACCAAGCAAATGGAAAACAAAAAAAGGCAGGGGTTGCAATCTTAGTCTCTGATAAAACAGACTTTAAACCAACAAAGATCAAAAGAGACAAAGAAGGCCATTACATAATGGTAAAGGGATCAATTCAACAAGAGGAGCTAACTATCCTAAATATTTATGCACCCAATACAGGAGCACCCAGATTCATAAAGCAAGTCCTCAGTGACCTACAAAGAGACTTAGACTCCCACACATTAATAATGGGAGACTTTAACACCCCACTGTCAACATTAGACAGATCAACGAGACAGAAAGTCAACAAGGATACCCAGGAATTGAACTCAGCTCTGCACCAAGCAGACCTAATAGACATCTACAGAACTCTCCACCCCAAATCAACAGAATATACATTTTTTTCAGCACCACACCACACCTATTCCAAAATTGACCACATAGTTGGAAGTAAAGCTCTCCTCAGCAAATGTAAAAGAACAGAAATTATAACAAACTATCTCTCAGACCACAGTGCAATCAAACTAGAACTCAGGATTGAGAATCTCACTCAAAGCCGCTCAACTACATGGAAACTGAACAACCTGCTCCTGAATGACTACTGGGTACATAACGAAATGAAGGCAGAAATAAAGATGTTCTTTGAAACCAACGAGAACAAAGACACCACATACCAGAATCTCTGGGACGCATTCAAAGCAGTGTGTAGAGGGAAATTTATAGCACTAAATGCCTACAAGAGAAAGCAGGAAAGATCCAAAATTGACACCCTAACATCACAATTAAAAGAACTAGAAAAGCAAGAGCAAACACATTCAAAAGCTAGCAGAAGGCAAGAAATAACTAAAATCAGAGCAGAACTGAAGGAAATAGAGACACAAAAAACCCTTCAAAAAATCAATGAATCCAGGAGCTGGTTTTTTGAAAGGATCAACAAAATTGATAGACCGCTAGCAAGACTAATAAAGAAAAAAAGAGAGAAGAATCAAATAGACACAATAAAAAATGATAAAGGGGATATCACCACCGATCCCACAGAAATACAAACTACCATCAGAGAATACTACAAACACCTCTACGCAAATAAACTAGAAAATCTAGAAGAAATGGATACATTCCTCGACACATACACTCTCCCAAGACTAAACCAGGAAGAAGTTGAATCTCTGAATAGACCAATAACAGGCTCTGAAATTGTGGCAATAATCAATAGTTTACCAACCAAAAAGAGTCCAGGACCAGATGGATTCACAGCCGAATTCTACCAGAGGTACATGGAGGAACTGGTACCATTCCTTCTGAAACTATTCCAATCAATAGAAAAAGAGGGAATCCTCCCTAACTCATTTTATGAGGCCAGCATCATTCTGATACCAAAGCCGGGCAGAGACACAACCAAAAAAGAGAATTTTAGACCAATATCCTTGATGAACATTGATGCAAAAATCCTCAATAAAATACTGGCAAACCGAATCCAGCAGCACATCAAAAAGCTTATCCACCATGATCAAGTGGGCTTCATCCCTGGGATGCAAGGCTGGTTCAATATACGCAAATCAATAAATGTAATCCAGCATATAAACAGAGCCAAAGACAAAAACCACATGATTATCTCAATAGATGCAGAAAAAGCCTTTGACAAAATTCAACAACCCTTCATGCTAAAAACTCTCAATAAATTAGGTATTGATGGGACGTATTTCAAAATAATAAGAGCTATCTATGACAAACCCACAGCCAATATCATACTGAATGGGCAAAAACTGGAAGCATTCCCTTTGAAAACCGGCACAAGACAGGGATGCCCTCTCTCACCGCTCCTATTCAACATAGTGTTGGAAGTTCTGGCCAGGGCAATCAGGCAGGAGAAGGAAATAAAGGGTATTCAATTAGGAAAAGAGGAAGTCAAATTGTCCCTGTTTGCAGACGACATGATTGTTTATCTAGAAAACCCCATCGTCTCAGCCCAAAATCTCCTTAAGCTGATAAGCAACTTCAGCAAAGTCTCAGGATACAAAATCAATGTACAAAAATCACAAGCATTCTTATACACCAACAACAGACAAACAGAGAGCCAAATCATGGGTGAACTCCCATTCACAATTGCTTCAAAGAGAATAAAATACCTAGGAATCCAACTTACAAGGGATGTGAAGGACCTCTTCAAGGAGAACTACAAACCACTGCTCAAGGAAATAAAAGAGGAGACAAACAAATGGAAGAACATTCCATGCTCATGGGTAGGAAGAATCAATATCGTGAAAATGGCCATACTGCCCAAGGTAATTTACAGATTCAATGCCATCCCCATCAAGCTACCAATGACTTTCTTCACAGAATTGGAAAAAACTACTTTAAAGTTCATATGGAACCAAAAAAGAGCCCGCATTGCCAAGTCAATCCTAAGCCAAAAGAACAAAGCTGGAGGCATCACACTACCTGACTTCAAACTATACTACAAGGCTACAGTAACCAAAACAGCATGGTACTGGTACCAAAACAGAGATATAGATCAATGGAACAGAACAGAGCCCTCAGAAATAATGCCGCATATCTACAACTATCTGATCTTTGACAAACCTGAGAAAAACAAGCAATGGGGAAAGGATTCCCTATTTAATAAATGGTGCTGGGAAAACTGGCTAGCCATATGTAGAAAGCTGAAACTGGATCCCTTCCTTACACCTTATACAAAAATCAATTCAAGATGGATTAAAGATTTAAACGTTAAACCTAAAACCATAAAAACCCTAGAAGAAAACCTAGGCATTACCATTCAGGACATAGGCGTGGGCAAGGACTTCATGTCCAAAACACCAAAAGCAATGGCAACAAAAGACAAAATTGACAAATGGGATCTAATTAAACTAAAGAGCTTCTGCACAGCAAAAGAAACTACCATCAGAGTGAACAGGCAACCTACAGAATGGGAGAAAATTTTCGCAACCTACTCATCTGACAAAGGGCTAATATCCAGAATCTACAATGAACTCAAACAAATTTACAAGAAAAAAACAAACAACCCCATCAAAAAGTGGGCGAAGGACATGAACAGACACTTCTCAAAAGAAGACATTTATGCAGTCAAAAAACACATGAAGAAATGCTCATCATCACTGGCCATCAGAGAAATGCAAATCAAAACCACTATGAGATATCATCTCACACCAGTTAGAATGGCAATCATTAAAAAGTCAGGAAACAACAGGTGCTGGAGAGGATGCGGAGAAATAGGAACACTTTTACACTGTTGGTGGGACTGTAAACTAGTTCAACCATTGTGGAAGTCAGTGTGGCGATTCCTCAGGGATCTAGAACTAGAAATACCATTTGACCCAGCCATCCCATTACTGGGTATATACCCAAATGAGTATAAATCATGCTGCTATAAAGACACATGCACACGTATGTTTATTGCGGCACTATTCACAATAGCAAAGACTTGGAACCAACCCAAATGTCCAACAATGATAGACTGGATTAAGAAAATGTGGCACATATACACCATGGAATACTATGCAGCCATAAAAAATGATGAGTTCATATCCTTTGTAGGGACATGGATGAAATTGGAAACCATCATTCTCAGTAAACTATCGCAAGAACAAAAAACCAAACACCGCATATTCTCACTCATAGGTGGGAATTGAACAATGAGATCACATGGACACAGGAAGGGGAATATCACACTCTGGGGACTGTGGTGGGGTCGGGGGATGGGGGAGGGATAGCATTGGGAGATATACCTAATGCTAGATGACACATTAGTGGGTGCAGCGCACCAGCATGGCACATGTATACATATGTAACTAACCTGCACAATGTGCACATGTACCCTAAAACTTAGAGTATAATAAAAAAAAAAAAAAAAAAAGAAAAAAAAAAAA,TTTGATAAGGGATCAATATCCAGAATATAT,AAAGAACTCCTACAACTCAGCAATAAAGAA,AAAGAACTCCT,6026-6060,2-6019,12-6025,|||||||||||||||||||||||||||||||||||.|||||||||||||||||||||||||||||||||||||||||||||||||||||||||||||||||||||||||||||||||||||||||||||||||||||||||||||||||||||||||||.|||||||||||||||||||||||||||||||||||||||||||||||||||||||||||||||||||||.|||||||||||||||||||||||||||||||||||||||||||||||||||||||||||||||||||||||||||||||||||||||||||||||||||||||||||||||||||||||||||||||||||||||||||||||||||||||||||||||||||||||||||||||||||||||||||||||||||||||||||||||||||||||||||||||||||||||||||||||||||||||||||||||||||||||||||||||||||||||||||||||||||||||||||||||||||||||||||||||||||||||||||||||||||||||||||||||||||||||||||||||||||||||||||||||||||||||||||||||||||||||||||||||||||||||||||||||||||||||||||vvvv||||||||||||||||||||||||||||||||||||||||||||||||||||||||||||||||||||||||||||||||||||||||||||||||||||||||||||||||||||||||||||||||||||||||||||||||||||||||||||||||||||||||||||||||||||||||||||||||||||||||||||||||||||||||||||||||||||||||||||||||||||||||||||||||||||||||||||||||||||||||||||||||||||||||||||||||||||||||||||||||.||||||||||||||||||||||||||||||||||||||||||||||||||||||||||||||||||||||||||||||||||||||||||||||||||||||||||||||||||||||||||||||||||||||||||||||||||||||||||||||||||||||||||||||||||||||||||||||||||||||||||||||||||||||||||||||||||||||||||||||||||||||||||||||||||||||||||||||||||||||||||||||||||||||||||||||||||||||||||||||||||||||||||||||||||||||||||||||||||||||||||||||||||||||||||||||||||||||||||||||||||||||||||||||||||||||||||||||||||||||||||||||||||||||||||||||||||||||||||||||||||||||||||||||||||||||||||||||||||||||.||||||||||||||||||||||||||||||||||||||||||||||||||||||||||||||||||||||||||||||||||||||||||||||||||||||||||||||||||||||||||||||||||||||||||||||..|||||||||||||||||||||||||||||||||||||||||||||||||||||||||||||||||||||||||||||||||||||||||||||||||||||||||||||||||||||||||||||||||||||||||||||||||||||||||||||||||||||||||||||||||||||||||||||||||||||||||||||||||||||||||||||||||||||||||||||||||||||||||||||||||||||||||||||||||||||||||||||||||||||||||||||||||||||||||||||||||||||||||||||||||||||||||||||||||||||||||||||||||||||||||||||||||||||||||||||||||||||||||||||||||||||||||||||||||||||||||||||||||||||||||.|||||||||||||||||||||||||||||||||||||||||||||||||||||||||||||||.|||||||||||||||||||||||||||||||||.||||||||||||||||||||||||||||||||||||||||||||||||||||||||||||||||||||||||||||||||||||||||||||||||||||||||||||||||||||||||||||||||||||||||||||||||||||||||||||||||||||||||||||||||||||||||||||||||||||||||||||||||||||||||||||||||||||||||||||||||||||||||||||||||||||||||||||||||||||||||||||||||||||||||||||||||||||||||||||||||||||||||||||||||||||||||||.|||||||||||||||||||||||||||||||||||||||||||||||||||||||||||||||||||||||||||||||||||||||||||||||||||||||||||||||||||||||||||||||||||||||||||||.|||||||||||||||||||||||||||||||||||||||||||||||||||||||||||||||||||||||||||||||||||||||||||||||||||||||||||||||||||||||||||||||||||||||||||||||||||||||||||||||||||||||||||||||||||||||||||||||||||||||||||||||||||||||||||||||||||||||||||||||||||||||||||||||||||||||||||||||||||||||||||||||||||||||||||||||||||||||||||||||||||||||||||||||||||||||||||||||||||||||||||||||||||||||||||||||||||||||||||||||||||||||||||||||||||||||||||||||||||||||||||||||||||||||||||||||||||||||||||||||||||||||||||||||||||||||||||||||||||||||||||||||||||||||||||||||||||||||||||||||||||||||||||||||||||||||||||||||||||||||||||||||||||||||||||||||||||||||||||||||||||||||||||||||||||||||||||||||||||||||||||||||||||||||||||||||||||||||||||||||||||||||||||||||||||||||||||||||||||||||||||||||||||||||||||||||||||||||||||||||||||||||||||||||||||||||||||||||||||||||||||||||||||||||||||||||||||||||||||||||||||||||||||||||||||||||||||||||||||||||||||||||||||||||||||||||||||||||||||||||||||||||||||||||||||||||||||||||||||||||||||||||||||||||||||||||||||||||||||||||||||||||||||||||||||||||||||||||||||||||||||||||||||||||||||||||||||||||||||||||||||||||||||||||||||||||||||||||||||||||||||||||||||||||||||||||||||||||||||||||||||||||||||||||||||||||||||||||||||||||||||||||||||||||||||||||||||||||||||||||||||||||||||||||||||||||||||||||||||||||||||||||||||||||||||||||||||||||||||||||||||||||||||||||||||||||||||||||||||||||.|||||||||||||||||||||||||||||||||||||||||||||||||||||||||||||||||||||||||||||||||||||||||||||||||||||||||||||||||||||||||||||||||||||||||||||||||||||||||||||||..|||||||||||||||||||||||||||||||||||||||||||||||||||||||||||||||||||||||||||||||||||||||||||||||||||||||||.|||||||||||||||||||||||||||||||||||||||||||||||||||||||||||||||||||||||||||||||||||||||||||||||||||||||||||||||||||||||||||||||||||||||||||||||||||||||||||||||||||||||||||||||||||||||||||||||||||||||||||||||||||||||||||||||||||||||||||||||||||||||||||||||||||||||||||||||||||||||||||||||||||||||||||||||||||||||||||||||||||||||||||||||||||||||||||||||||||||||||||||||||||||||||||||||||||||||||||||||||||||||||||||||||||||||||||||||||||||||||||||||||||||||||||||||||||||||||||||||||||||||||||||||||||||||||||||||||||||||||||||||||||||||||||||||||||||||||||||||||||||||||||||||||||||||||||||||||||||||||||||||||||||||||||||||||||||||||||||||||||||||||||||||||||||||||||||||||||||||||||||||||||||||||||||||||||||||||||||..||||||||||||||||||||||||||||||||||||||||||||||||||||||||||||||||||.|||||||||||||||||||||||||||||||||||||||||||||||||||||||||||||||||||||||||||||||||||||||||||.||||||||||||||||||||||||||||||||||||||||||||||||||||||||||||||||||||||||||||||||||||||||||||||||||||||||||||||||||||||||||||||||||||||||||||||||||||||||||||||||||||||||||||||||||||||||||||||||||||||||||||||||||||||||||||||||||||||||||||||||||||||||||||||||||||||||||||||||||||||||||||||||||||||||||||||||||||||||||||||||||||||||||||||||||||||||||||||||||||||||||||||||||||||||||||||||||||||||||||||||||||||||||||||||||||||||||||||||||||||||||||||||||||||||||||||||||||||||||||||||||||||||||||||||||||||||||||||||||||||||||||||||||||||||||||||||||||||||||||||||||||||||||||||||||||||||||||||||||||||||||||||||||||||||||||||||||||||||.||||||||||||||||||||||||||||||||||||||||||||||||||||||||||||||||||||||||||||||||||||||||||||||||||||||||||||||||||||||||||||||||||||||
chr22,17224400,-,ALU,100.0%,94.1%,96.8%,100.0%,AACAAGTGCTAATAATTTTTTTTTTTTTTTTTTTTTTTTTTTTTGAGACGGAGTCTCGCTCTGTCGCCCAGGCCGGACTGCGGACTGCAGTGGCGCAATCTCGGCTCACTGCAAGCTCCGCTTCCCGGGTTCACGCCATTCTCCTGCCTCAGCCTCCCGAGTAGCTGGGACTACAGGCGCCGGCCACCGCGCCCGGCTAATTTTTTTGTATTTTTAGTAGAGACGGGGTTTCACCTTGTTAGCCAGGATGGTCTCGATCTCCTGACCTCATGATCCACCCGCCTCGGCCTCCCAAAGTGCTGGGATTACAGGCGTGAGCCACCGCGCCCGGCC,AAAAAAAACTTGGAAGATGGAAGGTACATA,AACAAGTGCTAATAATTTAGAAGACAAAAA,AACAAGTGCTAATAATTT,19-44,1-281,45-333,||||||||||||||||||||||||||||||||||||||||||||||||||||||||.||||||.|||||||||||||||||||||||||||||||||.||||||||||||||||||||||||||||^|||||||||||||||||.||||||.|||||||||||||||||||||||||||||||||||||||||||||||||||||||||||.||||||||||||||||||||||||.||||||||^^^^^^^|||.|||.|||||||||||||||||||||||||||||
chr22,17567654,-,ALU,100.0%,94.8%,97.2%,99.7%,TATCCTTGCTTTTATTTATTTATTTATTTATTTATTTATTTTATTTTATTTTTTTTTTTTTTTTGAGACGGAGTCTCGCTCTGTCGCCCAGGCCGGACTGCGGACTGCAGTGGCGCAATCTCGGCTCACTGCAAGCTCCGCTTCCCGGGTTCACGCCATTCTCCTGCCTCAGCCTCCCGAGTAGCTGGGACCACAGGCGCCCGCCACCACGCCCGGCTAATTTTTTGTATTTTTAGTAGAGACGGGGTTTCACCTTGTTAGCCAGGATGGTCTCGATCTCCTGACCTCATGATCCACCCGCCTCGGCCTCCCAAAGTGCTGGGATTACAGGCGTGAGCCACCGCGCCCGGCCT,ATTTGCCAGTGGATCTCCATTTTACCTCTC,TATCCTTGCTTTTATAATTCCATCAACATC,TATCCTTGCTTTTAT,16-64,1-281,65-352,||||||||||||||||||||||||||||||||||||||||||||||||||||||||.||||||.|||||||||||||||||||||||||||||||||.||||||||||||||||||||||||||||||||||||||||||||||||||||||||||||||.|||||||||||||||||||||||||||||||||||||||||||||||||.||||||||||||||||||||||||.||||||||^^^^^^^|||.|||.|||||||||||||||||||||||||||||
chr22,17653856,+,SVA,99.8%,71.5%,91.4%,96.0%,AAAAATTGTTTATCCCCGCCCGGCCAGCCGCCCCGTCCGGGAGGTGAGGGGTGCCTCTGCCCGGCCGCCCCTACTGGGAAGTGAGGAGCCCCTCAGCCCGGCCAGCCACCCCGTCCGGGAGGGAGATGGGGGGGTCAGCCCCCCCACCCGGCCAGCCGCCCCGTCCGGGAGGGAGGTGGGGGGGTAAGCCCCCCGCCTGGCCAGCCGCCCCGTCCGGGAGGGAGGTGGGGGGGTCAGCCCTCCGCCCGGCCAGCCGCCCCGTCCGGGAGGTGAGGGGCGCCTCTGCCCGGCCGCCCCTACTGGGAAGTGAGGAGCCCCTCTGCCCGGCCAGCCGCCCCGTCCGGGAGGGAGGTGGGGGGGGTCAGCCCCCCGCCCGGCCGGCCGCCCTGTCCGGGAGGGAGGTGGGGGGGGTCAGCCCCCCGCCTGGCCAGCCGCCCTGTCCGGGAGGGAGGTGGGGGGGGGTCAGCCCTCCGCCCGGCCAGCCGCCCCGTCTGGGAGGTGAGGGGCGCCGCTGCCCGGCCGCCCCTACTGGGAAGTGAGGAGCCCCTCTGCCCGGCCAGCCGCCCCGTCCGGGAGGGAGGTGGGGGGGGTCAGCCCCCCACCCGGCCGGCCGCCCTGTCCGGGAGGGAGGTGGGGGGGTCAGCCCTCCGCCCGGCCAGCCGCCCCGTCTGGGAGGTGAGGGGCGCCTCTGCCCGGCCGCCCCTACTGGGAAGTGAGGAGCCCCTCTGCCCGGCCAGCCGCCCCGTCCCGGAGGGAGGTGGGGGAGGTCAGCCCCCCTGCCCGGCCAGCCGCCCCGTCCGGGAGGTGAGGGGCGCCTCTGCCCGGCCGCCCCTACTGGGAAGTGAGGAGCCCCTCTGCCCGGCCAGCCGCCCCGTCCCGGAGGGAGGTGGGGGGGGTCAGCCCCCCTGCCCGGCCAGCCGCCCCGTCCGGGAGGTGAGGGGCGCCTCTGCCCGGCCGCCCCTACTGGGAAGTGAGGAGCCCCTCTGCCCGGCCAGCCGCCCCGTCCGGGAGGGAGGTGGGGGTGTCAGCCCCCCGCCCGGCCAGCCGCCCCGTCCGGGAGGGAGGTGGGGGGGGTCAGCCCCCCCGCCCGGCCAGCCGCCCCGTCCGGGAGGTGAGGGGCGCCTCTGCCCGGCCGCCCCTACTGAGAAGTGAGGAGCCCCTCTGCCCGGCCACCACCCCGTCTGGGAGGTGTGCCCAACAGCTCATTGAGAACGGGCCAGGATGACAATGGCGGCTTTGTGGAATAGAAAGGCAGGAAAGGTGGGGAAAAGATTGAGAAATCGGATGGTTGCCGTGTCTGTGTAGAAAGAAGTAGACATGGGAGACTTTTCATTTTGTTCTGCACTAAGAAAAATTCCTCTGCCTTGGGATCCTGTTGATCTGTGACCTTACCCCCAACCCTGTGCTCTCTGAAACATGTGCTGTGTCCACTCAGGGTTAAATGGATTAAGGGCGGTGCAAGATGTGCTTTGTTAAACAGATGCTTGAAGGCAGCATGCTCGTTAAGAGTCATCACCAATCCCTAATCTCAAGTAATCAGGGACACAAACACTGCGGAAGGCCGCAGGGTCCTCTGCCTAGGAAAACCAGAGACCTTTGTTCACTTGTTTATCTGCTGACCTTCCCTCCACTATTGTCCCATGACCCTGCCAAATCCCCCTCTGTGAGAAACACCCAAGAATTATCAATAAAAAAATAAATTTAAAAAAAAAA,TTGTATATTTGAAATTCTTTTTCTATTTTT,AAAAATTGTTTATCATTCTAGGATATTTAT,AAAAATTGTTTATC,1704-1713,3-1316,69-1689,||||^||^^^^^^^^^^^^^^||||||.||^^^^^^^.|.||||^^^^^^^^^^^^^||||^^^^^^^^.|.|||.|.|||...|vvv||.|.|vvv|.|^||.|.|vvv|..||^^^^^^^^^^^.|||..||.|||v|||||..||vvvvv|||^^^^^^^^^^^^|||.|.|^^^^^^|||^||||.||||||||^|||.|||||||.||||.||||||.|.|.|||.|||.||||.|||vv|..||||||.|||||||||..||||||^^^^||.|||||||vv||||^^^^^^.|||.||.||||^^^^|||v||.|.||^^^^||||||||||.||||||||v|.||||^^^^^^^^^^^^^^^^^^^^^^^^^^^|||..|.|||.|||^^^^^^^^^^^^^^^^^^^^^^^^^^^^^^^^^^^^^^|||||||||||||.||.||||||.|..||.|||||.||vvv||||.||..|||.|||||||||||||||||.||||||^|||||||||.|||.|v|.||.||||^^^^^^^^^^^||||||v||.|||.|^|.|||.||..|||||||||||||||||||||||||||||.||^^^^^^^^^^^^^^^^^^^^^^^^^^^^^^^^^^^^^^^^^^^^^^^^^^^^^^^^^^^^^^^^^^^^^^^^^^^^^^|||||||||||||||||||||.|||||||||||||||^||||||^|||||.|||||||||||||||||||||||||.|||||||||||||||||||||||||||||||||||||||||||||||.||.|||||||||||||.|.|.||||.||||||||||^|||||||||||||||||^^^^^^^^^^^^^^^^^^^^^^^^^^^^^^^^^^^^^^^^^^^^^^^^^^^^^^^^^^^^^^^^^^^^^^^^^^^^^^^|||||||||||||||||||||||||||||||||||||..||||||||||||||.|||||||||||||||||||||||||||^|||||||||||^||||||||||||||||||||||.||||||||||||||||||||||||||||||||||.|||||||..||||||||||||||||||||||||||||||||||||||||||||||||||||||||||||||||||.||||||.||||||||||||||.|||||||||||||||||..||||||||||||||||||||||||||||||||||||||||||||||||||||||||.||||||.||||||||||||||||||||||||.||||||||||||||.|||||||||||||||||||||||.|||||||||||||||||||||||||||||||||||||||||||.|||||||||||||.|||||||||||.|||||||||||||||||||||||||||||||||||||||||||||||||.||||||||||||||||.||||||||||||||||..||||||||||||||||||||||||||||||||||||||||||||||||||||||||||||||||||||||||||||||||||||||||||||||||||||||..|||||||||||||||||||||||||||||||||||||||||.||||||
chr22,19373922,-,ALU,33.8%,98.9%,98.9%,100.0%,TGCTCTGGCTTTTTTTTTTTTTTTTTTTTTTTGAGACGGAGTCTCGCTCTGTCGCCCAGGCTGGAGTGCAGTGGCGGGATCTCGGCTCACTGCAAGCTCCGCCTCCCGGGTTCACGCCATTCTCCTG,GCCTTGCACCCATGGTGCAGTTCTGCTCAC,TGCTCTGGCTTTTTTGTTCACTCTTAGATT,TGCTCTGGCTTTTTT,16-32,187-281,33-127,||||||||||||||||||||||||||||||||||||||||||||||||||.||||||||||||||||||||||||||||||||||||||||||||
chr22,21039497,+,ALU,100.0%,97.2%,98.9%,100.0%,AAAGAAATATAGGCCAGGGCCGGGCGCGGTGGCTCACGCCTGTAATCCCAGCACTTTGGGAGGCCGAGGCGGGCGGATCACGAGGTCAGGAGATCGAGACCATCCTGGCTAACACGGTGAAACCCCGTCTCTACTAAAAATACAAAAAATTAGCCGGGCGAGGTGGCGGGCGCCTGTAGTCCCAGCTACTCGGGAGGCTGAGGCAGGAGAATGGCGTGAACCCCAGGGGGCGGAGCCTGCAGTGAGCCGAGATTGCGCCACTGCACTCCAGCCTGGGCGACAGCGAGACTCCGTCTCAAAAAAAAAAAAAAAAAAAAAAA,TAGAGAAATATCAAATTAAAAAGAAGACAC,AAAGAAATATAGGCCAGGCACGGTGGCTCA,AAAGAAATATAGGCCAGG,298-320,1-281,18-297,|||||||||||||||||||||||||||||||||||||||||||||||||||||||||||||||||||||||||||||||||||||||||||||||||||||||||||||||||||||||||||||||||||||||||||||||.||||||||||||||||||||||||||||||||||||||||||||||||||||||||||||||^^|||v||||||||.||||||||||||||||.|||||||||||||||||||||||||||vv||||||||||||||||
chr22,22131975,-,LINE1,100.0%,99.4%,99.5%,99.8%,GCATATTTCTTTTTTTTTTTTTTTTATTATACTCTAAGTTTTAGGGTACATGTGCACATTGTGCAGGTTAGTTACATATGTATACATGTGCCATGCTGGTGCGCTGCACCCACTAATGTGTCATCTAGCATTAGGTATATCTCCCAATGCTATCCCTCCCCACTCCCCCGACCCCACCACAGTCCCCAGAGTGTGATATTCCCCTTCCTGTGTCCATGTGATCTCATTGTTCAATTCCCACCTATGAGTGAGAATATGCGGTGTTTGGTTTTTTGTTCTTGCGATAGTTTACTGAGAATGATGGTTTCCAATTTCATCCATGTCCCTACAAAGGATATGAACTCATCATTTTTTATGGCTGCATAGTATTCCATGGTGTATATGTGCCACATTTTCTTAATCCAGTCTATCATTGTTGGACATTTGAGTTGGTTCCAAGTCTTTGCTATTGTGAATAGTGCCACAATAAACATACGTGTGCATGTGTCTTTATAGCAGCATGATTTATACTCATTTGGGTATATACCCAGTAATGGGATGGCTGGGTCAAATGGTATTTCTAGTTCTAGATCCCTGAGGAATCGCCACACTGATTTCCACAATGGTTGAACTAGTTTACAGTCCCACCAACAGTGTAAAAGTGTTCCTATTTCTCCACATCCTCTCCAGCACCTGTTGTTTCCTGACTTTTTAATGATTGCCATTCTAACTGGTGTGAGATGATATCTCATAGTGGTTTTGATTTGCATTTCTCTGATGGCCAGTGATGATGAGCATTTCTTCATGTGTTTTTTGGCTGCATAAATGTCTTCTTTTGAGAAGTGTCTGTTCATGTCCTTCGCCCACTTTTTGATGGGGTTGTTTGTTTTTTTCTTGTAAATTTGTTTGAGTTCATTGTAGATTCTGGATATTAGCCCTTTGTCAGATGAGTAGGTTGCGAAAATTTTCTCCCATGTTGTAGGTTGCCTGTTCACTCTGATGGTAGTTTCTTTTGCTGTGCAGAAGCTCTTTAGTTTAATTAGATCCCATTTGTCAATTTTGACTTTTGTTGCCATTGCTTTTGGTGTTTTGGACATGAAGTCCTTGCCCACGCCTATGTCCTGAATGGTAATGCCTAGGTTTTCTTCTAGGGTTTTTATGGTTTTAGGTCTAACGTTTAAATCTTTAATCCATCTTGAATTGATTTTTGTATAAGGTGTAAGGAAGGGATCCAGTTTCAGCTTTGTACATATGGCTAGCCAGTTTTCCCAGCACCATTTATTAAATAGGGAATCCTTTCCCCATTGCTTGTTTTTCTCAGGTTTGTCAAAGATCAGATAGTTGTAGATATGCGGCATTATTTCTGAGGGCTCTGTTCTGTTCCATTGATCTATATCTCTGTTTTGGTACCAGTACCATGCTGTTTTGGTTACTGTAGCCTTGTAGTATAGTTTGAAGTCAGGTAGTGTGATGCCTCCAGCTTTGTTCTTTTGGCTTAGGATTGACTTGGCGATGCGGGCTCTTTTTTGGTTCCATATGAACTTTAAAGTAGTTTTTTCCAATTCTGTGAAGAAAGTCATTGGTAGCTTGATGGGGATGGCATTGAATCTGTAAATTACCTTGGGCAGTATGGCCATTTTCACGATATTGATTCTTCCTACCCATGAGCATGGAATGTTCTTCCATTTGTTTGTGTCCTCTTTTATTTCCTTGAGCAGTGGTTTGTAGTTCTCCTTGAAGAGGTCCTTCACATCCCTTGTAAGTTGGATTCCTAGGTATTTTATTCTCTTTGAAGCAATTGTGAATGGGAGTTCACCCATGATTTGGCTCTCTGTTTGTCTATTGTTGGTGTATAAGAATGCTTGTGATTTTTGTACATTGATTTTGTATCCTGAGACTTTGCTGAAGTTGCTTATCAGCTTAAGGAGATTTTGGGCTGAGACGATGGGGTTTTCTAGATAAACAATCATGTCGTCTGCAAACAGGGACAATTTGACTTCCTCTTTTCCTAATTGAATACCCTTTATTTCCTTCTCCTGCCTGATTGCCCTGGCCAGAACTTCCAACACTATGTTGAATAGGAGCGGTGAGAGAGGGCATCCCTGTCTTGTGCCAGTTTTCAAAGGGAATGCTTCCAGTTTTTGCCCATTCAGTATGATATTGGCTGTGGGTTTGTCATAGATAGCTCTTATTATTTTGAAATACGTCCCATCAATACCTAATTTATTGAGAGTTTTTAGCATGAAGGGTTGTTGAATTTTGTCAAAGGCTTTTTCTGCATCTATTGAGATAATCATGTGGTTTTTGTCTTTGGCTCTGTTTATATGCTGGATTACATTTATTGATTTGCGTATATTGAACCAGCCTTGCATCCCAGGGATGAAGCCCACTTGATCATGGTGGATAAGCTTTTTGATGTGCTGCTGGATTCGGTTTGCCAGTATTTTATTGAGGATTTTTGCATCAATGTTCATCAAGGATATTGGTCTGAAATTCTCTTTTTTGGTTGTGTCTCTGCCCGGCTTTGGTATCAGAATGATGCTGGCCTCATAAAATGAGTTAGGGAGGATTCCCTCTTTTTCTATTGATTGGAATAGTTTCAGAAGGAATGGTACCAGTTCCTCCTTGTACCTCTGGTAGAATTCGGCTGTGAATCCATCTGGTCCTGGACTCTTTTTGGTTGGTAAACTATTGATTATTGCCACAATTTCAGAGCCTGTTATTGGTCTATTCAGAGATTCAACTTCTTCCTGGTTTAGTCTTGGGAGAGTGTATGTGTCGAGGAATGTATCCATTTCTTCTAGATTTTCTAGTTTATTTGCGTAGAGGTGTTTGTAGTATTCTCTGATGGTAGTTTGTATTTCTGTGGGATCGGTGGTGATATCCCCTTTATCATTTTTTATTGTGTCTATTTGATTCTTCTCTCTTTTTTTCTTTATTAGTCTTGCTAGCGGTCTATCAATTTTGTTGATCCTTTCAAAAAACCAGCTCCTGGATTCATTGATTTTTTGAAGGGTTTTTTGTGTCTCTATTTCCTTCAGTTCTGCTCTGATTTTAGTTATTTCTTGCCTTCTGCTAGCTTTTGAATGTGTTTGCTCTTGCTTTTCTAGTTCTTTTAATTGTGATGTTAGGGTGTCAATTTTGGATCTTTCCTGCTTTCTCTTGTAGGCATTTAGTGCTATAAATTTCCCTCTACACACTGCTTTGAATGCGTCCCAGAGATTCTGGTATGTGGTGTCATTGTTCTCGTTGGTTTCAAAGAACATCTTTATTTCTGCCTTCATTTCGTTATGTACCCAGTAGTCATTCAGGAGCAGGTTGTTCAGTTTCCATGTAGTTGAGTGGCTTTGAGTGAGATTCTTAATCCTGAGTTCTAGTTTGATTGCACTGTGGTCTGAGAGATAGTTTGTTATAATTTCTGTTCTTTTACATTTGCTGAGGAGAGCTTTACTTCCCACTATGTGGTCAATTTTGGAATAGGTGTGGTGTGGTGCTGAAAAAAATGTATATTCTGTTGATTTGGGGTGGAGAGTTCTGTAGATGTCTATTAGGTCTGCTTGGTGCAGAGCTGAGTTCAATTCCTGGGTATCCTTGTTGACTTTCTGTCTCGTTGATCTGTCTAATGTTGACAGTGGGGTGTTAAAGTCTCCCATTATTAATGTGTGGGAGTCTAAGTCTCTTTGTAGGTCACTGAGGACTTGCTTTATGAATCTGGGTGCTCCTGTATTGGGTGCATAAATATTTAGGATAGTTAGCTCCTCTTGTTGAATTGATCCCTTTACCATTATGTAATGGCCTTCTTTGTCTCTTTTGATCTTTGTTGGTTTAAAGTCTGTTTTATCAGAGACTAGGATTGCAACCCCTGCCTTTTTTTGTTTTCCATTGGCTTGGTAGATCTTCCTCCATCCTTTTATTTTGAGCCTATGTGTGTCTCTGCACGTGAGATGGGTTTCCTGAATACAGCACACTGATGGGTCTTGACTCTTTATCCAACTTGCTAGTCTGTGTCTTTTAATTGCAGAATTTAGTCCATTTATATTTAAAGTTAATATTGTTATGTGTGAATTTGATCCTGTCATTATGATGTTAGCTGGTGATTTTGCTCATTAGTTGATGCAGTTTCTTCCTAGTCTCGATGGTCTTTACATTTTGGCATGATTTTGCAGCGGCTGGTACCGGTTGTTCCTTTCCATGTTTAGCGCTTCCTTCAGGAGCTCTTTTAGGGCAGGCCTGGTGGTGACAAAATCTCTCAGCATTTGCTTGTCTATAAAGTATTTTATTTCTCCTTCACTTATGAAGCTTAGTTTGGCTGGATATGAAATTCTGGGTTGAAAATTCTTTTCTTTAAGAATGTTGAATATTGGCCCCCACTCTCTTCTGGCTTGTAGGGTTTCTGCCGAGAGATCCGCTGTTAGTCTGATGGGCTTTCCTTTGAGGGTAACCCGACCTTTCTCTCTGGCTGCCCTTAACATTTTTTCCTTCATTTCAACTTTGGTGAATCTGACAATTATGTGTCTTGGAGTTGCTCTTCTCGAGGAGTATCTTTGTGGCGTTCTCTGTATTTCCTGAATCTGAACGTTGGCCTGCCTTGCTAGATTGGGGAAGTTCTCCTGGATAATATCCTGCAGAGTGTTTTCCAACTTGGTTCCATTCTCCACATCACTTTCAGGTACACCAATCAGACGTAGATTTGGTCTTTTCACATAGTCCCATATTTCTTGGAGGCTTTGCTCATTTCTTTTTATTCTTTTTTCTCTAAACTTCCCTTCTCGCTTCATTTCATTCATTTCATCTTCCATTGCTGATACCCTTTCTTCCAGTTGATCGCATCGGCTCCTGAGGCTTCTGCATTCTTCACGTAGTTCTCGAGCCTTGGTTTTCAGCTCCATCAGCTCCTTTAAGCACTTCTCTGTATTGGTTATTCTAGTTATACATTCTTCTAAATTTTTTTCAAAGTTTTCAACTTCTTTGCCTTTGGTTTGAATGTCCTCCCGTAGCTCAGAGTAATTTGATCGTCTGAAGCCTTCTTCTCTCAGCTCGTCAAAATCATTCTCCATCCAGCTTTGTTCTGTTGCTGGTGAGGAACTGCGTTCCTTTGGAGGAGGAGAGGTGCTCTGCGTTTTAGAGTTTCCAGTTTTTCTGTTCTGTTTTTTCCCCATCTTTGTGGTTTTATCTACTTTTGGTCTTTGATGATGGTGATGTACAGATGGGTTTTCGGTGTAGATGTCCTTTCTGGTTGTTAGTTTTCCTTCTAACAGACAGGACCCTCAGCTGCAGGTCTGTTGGAATACCCTGCCGTGTGAGGTGTCAGTGTGCCCCTGCTGGGGGGTGCCTCCCAGTTAGGCTGCTCGGGGGTCAGGGGTCAGGGATCCACTTGAGGAGGCAGTCTGCCCGTTCTCAGATCTCCAGCTGCGTGCTGGGAGAACCACTGCTCTCTTCAAAGCTGTCAGACAGGGACACTTAAGTCTGCAGAGGTTACTGCTGTCTTTTTGTTTGTCTGTGCCCTGCCCCCAGAGGTGGAGCCTACAGAGGCAGGCAGGCCTCCTTGAGCTGTGGTGGGCTCCACCCAGTTCGAGCTTCCCGGCTGCTTTGTTTACCTAAGCAAGCCTGGGCAATGGCGGGCGCCCCTCCCCCAGCCTCGTTGCCGCCTTGCAGTTTGATCTCAGACTGCTGTGCTAGCAATCAGCGAGATTCCGTGGGCGTAGGACCCTCTGAGCCAGGTGTGGGATATAGTCTCGTGGTGCGCCGTTTCTTAAGCCGGTCTGAAAAGCGCAATATTCGGGTGGGAGTGACCCGATTTTCCAGGTGCGTCCGTCACCCCTTTCTTTGACTCGGAAAGGGAACTCCCTGACCCCTTGCGCTTCCCAGGTGAGGCAATGCCTCGCCCTGCTTCGGCTCGCGCACGGTGCGCACACACACTGGCCTGCGCCCACTGTCTGGCACTCCCTAGTGAGATGAACCCGGTACCTCAGATGGAAATGCAGAAATCACCCGTCTTCTGCGTCGCTCACGCTGGGAGCTGTAGACCGGAGCTGTTCCTATTCGGCCATCTTGGCTCCTCCTCCCCAACCATCTGAATC,GACATGTAGGGAGCTGTGTCAGCAGGGGTT,GCATATTTCTTGATGAGCATCCCATGATGC,GCATATTTCTT,12-28,1-6019,29-6044,||.|||||||||||||||||||||||||||||||||||||||||||||||||||||||||||||||||||||^||||||||||||||||||||||||||||||||||||||||||||||||||||||||||||||||||||||||||||||||||||||||||||||||||||||||||||||||||||||||||||||||||||||||||||||||||||||||||||||.||||||||||||||||||||||.|||||||||||||||||||||||||||||||||||||||||||||||||||||||||||||||||||||||||||||||||||||||||||||||||.||||||||||||||||||||||||||||||||||||||||||||||||||||||||||||||||||||||||||||||||||||||||||||||||||||||||||||||||||||||||||||||||||||||||||||||||||||||||||||||||||||||||||||||||||||||||||||||||||||||||||||||||||||||||||||||||||||||||||||||||||||||||||||||||||||||||||||||||||||||||||||||||||||||||||||||||||||||||||||||||||vvvv||||||||||||||||||||.||||||||.|||||||||||||||||||||||||||||||||||||||||||||||||||||||||||||||||||||||||||||||||||||||||||||||||||||||||||||||||||||||||||||||||||||||||||||||||||||||||||||||||||||||||||||||||||||||||||||||||||||||||||||||||||||||||||||||||||||||||||||||||||||||||.||||||||||||||||||||||||||||||||||||||||.|||||||||||||||||||||||||||||||||||||||||||||||||||||||||||||||||||||||||||||||||||||||||||||||||||||||||||||||||||||||||||||||||||||||||||||||||||||||||||||||||||||||||||||||||||||||||||||||||||||||||||||||||||||||||||||||||||||||||||||||||||||||||||||||||||||||||||||||||||||||||||||||||||||||||||||||||||||||||||||||||||||||||||||||||||||||||||||||||||||||||||||||||||||||||||||||||||||||||||||||||||||||||||||||||||||||||||||||||||||||||||||||||||||||||||||||||||||||||||||||||||||||||||||||||||||||||||||||||||||||||||||||||||||||||||||||||||||||||||||||||||||||||||||||||||||||||||||||||||||||||||||||||||||||||||||||||||||||||||||||||||||||||||||||||||||.||||||||||||||||||||||||||||||||||||||||||||||||||||||||||||||||||||||||||||||||||||||||||||||||||||||||||||||||||||||||||||||||||||||||||||||||||||||||||.|||||||||||||||||||||||||||||||||||||||||||||||||||||||||||||||||||||||||||||||||||||||||||||||||||||||||||||||||||||||||||||||||||||||||||||||||||||||||||||||||||||||||||||||||||||||||||||||||||||||||||||||||||||||||||||||||||||||||||||||||||||||||||||.||||||||||||||||||||||||||||||||||||||||||||||||||||||||||||||||||||||||||||||||||||||||||||||||||||||||||||||||||||||||||||||||||||||||||||||||||||||||||||||||||||||||||||||||||||||||||||||||||||||||||||||||||||||||||||||||||||||||||||||||||||||||||||||||||||||||||||||||||||||||||||||||||||||||||||||||||||||||||||||||||||||||||||||||||||||||||||||||||||||||||||||||||||||||||||||||||||||||||||||||||||||||||||||||||||||||||||||||||||||||||||||||||||||||||||||||||||||||||||||||||||||||||||||.|||||||||||||||||||||||||||||||||||||||||||||||.||||||||||||||||||||||||||||||||||||||||||||||||||||||||||||||||||||||||||||||||||||||||||||||||||||||||||||||||.||||||||||||||||||||||||||||||||||||||||||||||||||||||||||||||||||||||||||||||||||||||||||||||||||||||.|||||||||||||||||||||||||||||||||||||||||||||||||||||||||||||||||||||||||||||||||||||||||||||||||||||||||||||||||||||||||||||||||||||||||||||||||||||||||||||||||||||||||||||||||||||||||||||||||||||||||||||||||||||||||||||||||||||||||||||||||||||||||||||||||||||||||||||||||||||||||||||||||||||||||||||||||||||||||||||||||||||||||||||||||||||||||||||||||||||||||||||||||||||||||||||||||||||||||||||||||||||||||||||||||||||||||||||||||||||||||||||||||||||||||||||||||||||||||||||||||||||||||||||||||||||||||||||||||||||||||||||||||||||||||||||||||||||||||||||||||||||||||||||||||||||||||||||||||||||||||||||||||||||.|||||||||||||||||||||||||||||||||||||||||||||||||||||||||||||||||||||||||||||||||||||||||||||||||||||||||||||||||||||||||||||||||||||||.||||||||||||||||||||||||||||||||||||||||||||||||||||||||||||||||||||||||||||||||||||||||||||||||||||||||||||||||||||||||||||||||||||||||||||||||||||||||||||||||||||||||||||||||||||||||||||||||||||||||||||||||||||||||||||||||||||||||||||||||||||||||||||||||||||||||||||||||||||||||||||||||||||||||||||||||||||||||||||||||||||||||||||||||||||||||||||||||||||||||||||||||||||||.||||||||||||||||||||||||||||||||||||||||||||||||||||||||||||||||||||||||||||||||||||||||||||||||||||||||||||||||||||||||||||||||||||||||||||||||||||||||.|||||||||||||||||||||||||||||||||||||||||||||||||||||||||||||||||||||||||||||||||||||||||||||||||||||||||||||||||||||||.|||||||||||||||||||||||||||||||||||||||..||||||||||||||||||||||||||||||||||||||||||||||||||||||||||||||||||||||||||||||||||||||||||||||||||||||||||||||||||||||||||||||||||||||||||||||||||||||||||||||||||||||||||||||||||||||||||||||||||||||||||||||||||||||||||||||||||||||||||||||||||||||||||||||||||||||||||||||||||||||||||||||||.|||||||||||||||||||||||||||||||||||||||||||||||||||||||||||||||||||||||||||||||||||||||||||||||||||||||||||||||||||||||||||||||||||||||||||||||||||||||||||||||||||||||||||||||||||||||||||||||||||||||||||||||||||||||||||||||||||||||||||||||||||||||||||||||||||||||||.||||||||||||||||||||||||||||||||||||||||||||||||||||||||||||||||||||||||||.|||||||||||||||||||||||||||||||||||||||||||||||||||||||||||||||||||||||||||||||||||||||||||||||||||||||||||.|||||||||||||||||||||||||||||||||||||||||||||||||||||||||||||||||||||||||||||||||||||||||||||||||||||||||||||||||||||||||||||||||||||||||||||||||||||||||.||||||||||||||||||||||||||||||||||||||||||||||||||||||||||||||||||||||||||||||||||||||||||||||||||||||||||||||||||||||||||||||||||||||||||||||||||||||||||||||||||||||||||||||||||||||||||||||||||||||||||||||||||||||||||||||||||||||.||||||||||||||||||||||||||||||||||||||||||||||||||||||||||||||.||||||||||||||||||||||||||||||||||||||||||||||||||||||||||||||||||||||||||||||||||||||||||||||||||||||||||||||||||||||||||||||||||.|||||||||||||||||||||||||||||||||||.||||||||||||||||||||||||||||||||||||||||||||||||||||||||||||||||||||||||||||||||||||||||||||||||||||||||||||||||||||||||||||||||||||||||||||||||||||||||||||||||||||||||||||||||||||||||||||||||||||||||||||||||||||||||||||||||||||||||||||||||||||||||||||||||||||||||.|||||||||||||||||||||||||||||||||||||||||||||||||||||||||||||||||||||||||||||||||||||||||||||||||||||||||||||||||||||||||||||||||||||
chr22,22179735,+,ALU,100.0%,97.2%,97.2%,100.0%,AAAACCAGAGGGGCCGGGCGCGGTGGCTCACGCCTGTAATCCCAGCACTTTGGGAGGCCGAGGCGGGCGGATCACGAGGTCAGGAGATCGAGACCATCTCGGCTAAAACGGTGAAACCCCGTCTCTACTAAAAATACAAAAAATTAGCCGGGCGTAGTGGCGGGCGCCTGTAGTCCCAGCTACTTGGGAGGCTGAGGCAGGAGAATGGCGTGAACCCGGGAGGCGGAGCTTGCAGTGAGCCGAGGTCCCGCCACTGCACTCCAGCCTGGGCGACAGGGCGAGACTCCGTCTCAAAAGAAAAAAAAAAAAAAAAAAAA,TGACTCTTTCCCTGCTGAACCACATGTAAT,AAAACCAGAGGAGCTGGTTTAATAAAACCT,AAAACCAGAGG,293-317,1-281,12-292,|||||||||||||||||||||||||||||||||||||||||||||||||||||||||||||||||||||||||||||||||||||||..||||||.||||||||||||||||||||||||||||||||||||||||||||||||.||||||||||||||||||||||||||||.|||||||||||||||||||||||||||||||||||||||||||||||||||||||||||.||.||||||||||||||||||||||||||||.|||||||||||||||
chr22,25792353,+,ALU,100.0%,95.1%,97.5%,100.0%,AAGAAGTGGATTGGCCGGGCGCGGTGGCTCACGCCTGTAATCCCAGCACTTTGGGAGGCCGAGGCGGGTGGATCATGAGGTCAGGAGATCGAGACCATCCTGGCTAACAAGGTGAAACCCCGTCTCTACTAAAAATACAAAAAATTAGCCGGGCGCGGTGGCGGGCGCCTGTAGTCCCAGCTACTCGGGAGGCTGAGGCAGGAGAATGGCGTGAACCCGGGAAGCGGAGCTTGCAGTGAGCCGAGATTGCGCCACTGCAGTCCGCAGTCCGACCTGGGCGACAGAGCGAGACTCCGTCTCAAAAAAAAAAAAAA,TCCACTTAAATGGACTCTTGATGCTGAGAT,AAGAAGTGGATTGGTGAGATGCTGAGCGAC,AAGAAGTGGATTGG,301-314,1-281,13-300,||||||||||||||||||||||||||||||||||||||||||||||||||||||||.||||||.|||||||||||||||||||||||||||||||||.|||||||||||||||||||||||||||||||||||||||||||||.||||||||||||||||||||||||||||||||||||||||||||||||||||||||||||||||||.||||||||||||||||||||||||.|||||||||||.||^^|||^^^^^||||||||||||||||||||||||||||
chr22,26601643,-,ALU,100.0%,98.2%,98.2%,99.6%,CTAACAGCTTTTTTTTTTTTTTTTTTTTTTTTTTTTTTTGAGACGGAGTCTCGCTCTGTCGCCCAGGCTGGAGTGCAGTGGCGGGATCTCGGCTCACTGCAAGCTCCGCCTCCCGGGTTCACGCCATTCTCCTGCCTCAGCCTCCCAAGTAGCTGGGACTACAGGCGCCCGCCACTACGCCCGGCTAATTTTTTGTATTTTTAGTAGAGACGGGGTTTCACCGTTTTAGCCGGGATGGTCTCGATCTCCTGACCTCGTGATCCGCCCGCCTCGGCCTCCCAAAGTGCTGGGATTACAGGCGTGAGCCACCGCGCCCGGCCC,ACTAGGCTTAGCAGCTCCTATTTTCTCCAT,CTAACAGCTTTTTAGAGCTGATTTGTTTAC,CTAACAGCTTTTT,14-39,1-281,40-320,||||||||||||||||||||||||||||||||||||||||||||||||||||||||||||||||||||||||||||||||||||||||.||||||.||||||||||||||||||||||||||||||||||||||||||||||||.||||||||||||||||||||||||||||.||||||||||||||||||||||||||||||||||||||||||||||||||||||||||||||.||||||||||||||||||||||||||||||||||||||||||||
chr22,27859944,+,ALU,100.0%,99.3%,99.3%,100.0%,AAAACCTGGCCGGGCGCGGTGGCTCACGCCTGTAATCCCAGCACTTTGGGAGGCCGAGGCGGGCGGATCACGAGGTCAGGAGATCGAGACCATCCTGGCTAACAAGGTGAAACCCCGTCTCTACTAAAAATACAAAAAATTAGCCGGGCGTGGTAGCGGGCGCCTGTAGTCCCAGCTACTCGGGAGGCTGAGGCAGGAGAATGGCGTGAACCCGGGAGGCGGAGCTTGCAGTGAGCCGAGATCGCGCCACTGCACTCCAGCCTGGGCGACAGAGCGAGACTCCGTCTCAAAAAAAAAAAAAAAAAAAAAAAAAAAA,TGCTGTGCTTGTCTCCAAAGAAAGTCCCTT,AAAACCTCTGCTGCCATCTGTCTTTGCTGC,AAAACCT,289-316,1-281,8-288,|||||||||||||||||||||||||||||||||||||||||||||||||||||||||||||||||||||||||||||||||||||||||||||||||.|||||||||||||||||||||||||||||||||||||||||||||||||.|||||||||||||||||||||||||||||||||||||||||||||||||||||||||||||||||||||||||||||||||||||||||||||||||||||||||||||||||||||||||||||||||||||
chr22,33132512,+,ALU,100.0%,97.2%,97.5%,95.2%,AGAAGTCATTATTAGGGCCGGGCGCGGTGGCTCACGCCTGTAATCCCAGCACTTTGGGAGGCCGAGACGGGCGGATCACGAGGTCAGGAGATCGAGACCATCCTGGCTGACACGGTGAAACCCCGTCTCTACTAAAAATACAAAAATTAGCCGGGCATGGTGGCGCGCGCCTGTAGTCCCAGCTACTCGGGAGGCTGAGGCAGGAGAATGGCGTGAACCCGGGAGGCGGAGCTTGCAGTGAGTCGAGATCGCGCCACTGCGCTCCAGCCTGGGCGACAGAGCGAAACTCCGTCTCAAAAAAAAAAAAAAAAAAAAAAAAA,TCCATAACTATTTAAATATAATGTTGAATT,AAAAGTCATTATTAGTATTTTTGTACTTAA,A,296-320,1-281,16-295,|||||||||||||||||||||||||||||||||||||||||||||||||||.|||||||||||||||||||||||||||||||||||||||||.||||||||||||||||||||||||||||||||v|||||||||||||||.||||||||.||||||||||||||||||||||||||||||||||||||||||||||||||||||||||||||||||||||||||||.|||||||||||||||||.|||||||||||||||||||||||.||||||||||
chr22,34034609,-,ALU,99.6%,92.5%,96.4%,100.0%,CAAATGGAACTTTTTTTTTTTTTTTTTTTTTTTTTGAGACGGAGTCTCGCTCTGTTGCCCAGGCCGGACTGCGGACTGCAATGGCGCAATCTCGGCTCACTGCAAGCTCCGCTTCCTGGGTTCACGCCATTCTCCTGCCTCAGCCTCCCGAGTAGCTGGGACTACAGGCGCCCGCCACCGCGCCCGGCTAATTTTTTTTTTTGTATTTTTAGTAGAGACGGGGTTTCACCTTGTTAGCCAGGATGGTCTCGATCTCCTGACCTCGTGATCCACCCGCCTCGGCCTCCCAAAGTGCTGGGATTACAGGCGTGAGCCACCGCGCCCGGC,TAGTTCCTTGGTTTCATTTAGGTCTCAGTT,CAAATGGAACTTTTACACAGAAGCCTTCCT,CAAATGGAACTTTT,15-35,2-281,36-327,|||||||||||||||||||||||||||||||||||||||||||||||||||||||.||||||||||||||||||||||||||||||||||||||||.||||||||||||||||||||||||||||^^^^^|||||||||||||||||.||||||||||||||||||||||||||||||||||||||||||||||||||||||||||||||.|||.||||||||||||||||||||||||.||||||^^^^^^^|.|||.|||.||||||||.||||||||||||||||||||
chr22,34784744,+,ALU,100.0%,97.9%,97.9%,100.0%,AAAAATAAGATTCTTGGCCGGGCGCGGTGGCTCACGCCTGTAATCCCAGCACTTTGGGAGGCCGAGGCGGGCGGATCACGAGGTCAGGAGATCGAGACCATCCCGGCTAAAACGGTGAAACCCCGTCTCTACTAAAAATACAAAAAATTAGCCGGGCGTAGTGGCGGGCGCCTGTAGTCCCAGCTACTTGGGAGGCTGAGGCAGGAGAATGGCGTGAACCCGGGAGGTGGAGCTTGCAGTGAGCCGAGATCCCGCCACTGCACTCCAGCCTGGGCGACAGAGCGAGACTCCGTCTCAAAAAAAAAAATAAAATAAAAAATAA,ACCAATACAGCCTATCCCAGGATTGAAGTT,AAAAATAAGATTCTTTATTGCACAGAATCA,AAAAATAAGATTCTT,297-322,1-281,16-296,||||||||||||||||||||||||||||||||||||||||||||||||||||||||||||||||||||||||||||||||||||||||.||||||.||||||||||||||||||||||||||||||||||||||||||||||||.||||||||||||||||||||||||||||.||||||||||||||||||||||||||||||||||||||.|||||||||||||||||||||||.||||||||||||||||||||||||||||||||||||||||||||
chr22,35397411,-,ALU,100.0%,93.4%,95.7%,100.0%,TAGAGGTATTTTATTTTATTTTATTTTATTTTTTTTTTATTTTATTTTTTTTTTTTTTGAGACGGAGTCTCGCTGTGTCGCCCAGGCCAGACTGCGGACTGCAGTGGCGCAATCTCGGCTCACTGCAAGCTCCGCTTCCCGGGTTCACGCCATTCTCCTGCCTCAGCCTCCCGAGTAGCTGGGACTACAGGCGCCTGCCACCGCGCCCGGCTAATTTTTTGTATTTTTAGTAGAGACGGGGTTTCACCTTGTTAGCCAGGATGGTCTCGATCTCCTGACCTCAAGATCCACCCGCCTCAGCCTCCCAAAGTGCTGGGATTACAGGCGTGAGCCACCGCGCCCGGCC,AGTATGAACTGAACTCAGCTTTAATTTGTA,TAGAGGTATTTTAAAGGGAGGTTGACCAGC,TAGAGGTATTTTA,14-58,1-281,59-346,|||||||||||||||||||||||||||||||||||||||||||||||.||||||||.|||||..|||||||||||||||||||||||||||||||||.|||||||||||||||||||||||||||||||||||||||||||||.||||||.|||||||||||||||||||||||||||||||||||||||||||||||||||||||||||.||||||||||||||||||||||||.|||||||||||.|||^^^^^^^.||||||||||||.||||||||||||||||
chr22,36315826,+,ALU,100.0%,92.5%,97.2%,100.0%,AAAACACATCTAGGCCGGGCGCGGTGGCTCACGCCTGTAATCCCAGCACTTTGGGAGGCCGAGGCGGGTGGATCATGAGGTCAGGAGATCGAGACCATCCTGGCTAACAAGGTGAAACCCCGTCTCTACTAAAAATACAAAAAATTAGCCGGGCGCGGTGGCGGGCGCCTGTAGTCCCAGCTACTCGGGAGGCTGAGGCAGGAGAATGGCGTGAACCCGGGAAGCGGAGCTTGCAGTGAGCCGAGATTGCGCCACTGCAGTCCGCAGTCCGCAGTCCGGCCTGGGCGACAGAGCGAGACTCCGTCTCAAAAAAAAAAAAAA,TGGTTGAAAATGAGCCCTTCTGTTTAGCTT,AAAACACATCTAACTGAGCCTGGGCCACAC,AAAACACATCTA,308-321,1-281,13-307,||||||||||||||||||||||||||||||||||||||||||||||||||||||||.||||||.|||||||||||||||||||||||||||||||||.|||||||||||||||||||||||||||||||||||||||||||||.||||||||||||||||||||||||||||||||||||||||||||||||||||||||||||||||||.||||||||||||||||||||||||.||||||||^^^^^^^^^^^^^^|||.|||.|||||||||||||||||||||||||||||
chr22,40501469,-,SVA,11.2%,92.8%,95.9%,100.0%,CCTCCCGGACGGGGCGGCTGGCCGGGCAGGGGGGCCGACCCCCCCCCCCACCTCCCTCCCGGACGGGGCGGCTGGCCGGGCGGGGGGCCGACCCCCCCACCTCCCTCCCGGACGGGGCGGCTGGCCGGGCGGGGGGCCGACCCCCCCACCTC,GTAGGGGCGGCCGGGCAGAGGCGCCCCTCA,CCTCCCAGACGGGGCGGCTGGCCCGGCGGA,CCTCCC,7-6,593-739,1-152,||||||||||||||.|||||||||||||||||||||||||||||||||||||||||||||.||.|||||||||||.|||||||||||||||||||||||||||^^^^|||||||||.|||||||^||||||||||||||||.||||||||||
chr22,40537219,+,SVA,7.4%,92.9%,93.9%,102.5%,CCCCGTCCGGGAGGGAGATGGGGGGGTCAGCCCCCCCACCCGGCCAGCCACCCCGTCCGGGAGGGAGGTGGGGGGGTCAGCCCCCCGCCTGGCCAGCCG,AAGTGAGGAGCCCCTCAGCCCGGCCAGCCA,CCCCGTCCGGGAGGGAGGTGGGGGGGTCAG,CCCCGTCCGGGAGGGAG,18-19,628-725,1-99,|||||||||||||||||.|||||||.||||^||||||.|||.|||||||.|||||||||||||||||||||||||||||||||||||||.|||||||||
chr22,40537628,+,SVA,42.2%,79.7%,90.8%,100.2%,GGGAGGTGAGGGGCGCCTCTGCCCGGCCGCCCCTACTGGGAAGTGAGGAGCCCCGTCCTGCCCGGCCAGCCGCCCCGTCCGGGAGGGAGGTGGGGGGGTCGGCCCCCCGCCCGGCCAGCCGCCCCGTCCGGGAGGGAGGTGGGGGGGTCGGCCCCCCGCCCGGCCAGCCGCCCCGTCCGGGAGGGAGGTGGGGGGGTCGGCCCCCCGCCCGGCCAGCCGCCCCGTCCGGGAGGGAGGTGTGGGGGGGTCGGCCCCCCTGCCCGGCCAGCCGCCCCGTCCGGGAGGTGAGGGGCGCCTCTGCCCGGCCGCCCCTACTGGGAAGTGAGGAGCCCCTCTGCCCGGCCAGCCGCCCCGTCCGGGAGGGAGGTGGGGGGGTCAGCCCCCCGCCCGGCCAGCCGCCCCGTCCAGGAGGGAGGTGGGGGGGGGGTCAGCCCCCCCGCCCGGCCAGCCGCCCCATCCGGGAGGGAGGTGGGGGGGTCAGTCCCCCGCCTGGCCAGCCGTGCCGTCCGGGAGGGAGGTGGGGGGGTCAGCCCCCCGCCCGGCCAGCCGCCACGTCC,CAGCCCTCCGCTGGGCCAGCCGCCCCGTCT,GGGAGGTGAGGGGCGCCTCTGCCCGGCCGC,GGGAGGTGAGGGGCGCCTCTGCCCGGCCGCCCCTACTGGGAAGTGAGGAGCCCC,55-56,254-809,1-556,||||.||||||.|||.|.|||||||||||||||..|||.|||||||||||.|||^^.|||||.||^||.||||.||.||.|v|.||.||||^^^^^^^^^^.|||||v||||||||^|||||||||.|||.|v|.||.||||^^^^^^^^^^.|||||v||||||.|^|||||.||..||||||||||||||||||||||||.|||||||||||||||||||||||||||||||||||||^^|||||||||||.|^|||||.|||||||||||||||||||||||||.|||||||||||||||||||||||||||||||||||||||||||||||.||.|||||||||||||.|.|.|||||||||||||||||||||||||||||||||||||||||||||||||||||.||||||||||^^^||||||.||||^||||||||||.||||||||||||.|||||||||||||||||||||||||.||||||||.|||||||||..|.||||||||||v||||vvvvvvvvvvvvvvvvvvvvvvvvv|||vvvvv|.||^^^||||||v|.|||||||||^||.||.||||
chr22,40745440,-,SVA,13.3%,66.9%,93.6%,100.0%,CTGGCCGGGCAGAGGGGCTCCTCACTTCCCAGTAGGGGCGGCCGGGCAGAGGAGCCCCTCACCTCCCGGCCGGGGCGGCTGGCCGACCCCCCCCCCCCCCCCCCGCCTCCCTCCCGGACGGGGCGG,ACCCCCCCACCTCCCTCCTGGACGGGGCGA,CTGGCCGGGCAGAGGGGCTCCTCACTTCCC,CTGGCCGGGCAGAGGGGCTCCTCACTTCCCAGTAGGGGCGGCCGGGCAGAGGAGCCCCTCACCTCCCGG,70-69,625-799,2-126,|||||||||||||||||||||vvvvvvvvvvvvvvvvvvvvvvvvvvvvvvvvvvvvvv||||.|||.||.||||||||vvvvvvvvvvvv|||||||||||||.|.||||||||||||||||.|||||||||||||||.||||||||.||||||||||||||||||||||||||
chr22,41294866,+,SVA,38.4%,67.8%,92.3%,99.7%,TCCGGGAGGGAGGTCGGGGGGTCAGCCCCCCGCCCGGCCAGCCGCCCCGTCCAGGAGGTGAGGGGCGCCTCTGCCCGGCCACCCCTACTGGGAAGTGAGGAGCCCCTCTGCCCGGCCAGCCGCCCCGTCCGGGAGGGAGGTGGGGGGGTCAGCCCCCCGCCCGGCCAGCCGCCCCGTCCGGGCGGGAGGTGGGGGGGTCAGCCCCCCGCCTGGCCAGCCACCCCGTCCGGGAGGTGAGGGGCGCCTCTGCCCGGCCGCCCCTACTGGGAAGTGAGGAGCCCCTCTGCCCGGCCAGCCGCCCTGTCCGGGAGGGAGGTGGGGGGGCCAGCCGCCCCGTCCGGGAGGGAGGTGGGGGGGTCAGTCCCCTGCCCGGCCAGCCGCCCTA,GAGGAGCGTCTCCGCCCGGCAGCCACCTCG,TCCGGGAGGGAGGTGGGGGGGTGAGCCCCC,TCCGGGAGGGAGGT,385-385,175-679,1-383,||.||||v|.||||vvvvvvvvvvvvvvvvvvvvvv|||vvvvvvvvvv||||^^^|||v||.|.|||||^^^^||||||||||||.|||.||||||.|||.|.||||||||||.||||..|||.|||||||||||.|||||||||.|||vvvvvvvvvvvvvvvvvvvvvvvvvvvvvvvvvvvvvvv|||||||||vvvvvvvvvvvvvvvvvvvvvvvvvvvvvvvvvvvvvvvv.||||||||||||||||||||||||||||||||||||||||||||||||||||||||.|||||||||||||||||||||||.|||.||||||||.||||||||||||.|||||||||||||||||||||||||||||||||||||||||||||||.||.|||||||||||||.|.||||||||||||||||||||||vvvvvvvvvvvvvvvv||||||||||||||||||||||||||||||||||.||||.||||.||||.|||||||||||
chr22,41314924,+,ALU,100.0%,97.2%,98.2%,100.0%,AAAAATACAGGCAGGCCGGGCGCGGTGGCTCACGCCTGTAATCCCAGCACTTTGGGAGGCCGAGGCGGGCGGATCACGAGGTCAGGAGATCGAGACCATCCTGGCTAACACAGTGAAACCCCTTCTCTACTAAAAATACAAAAAAAAATTAGCCGGGCGTGGTGGCGGGCGCCTGTAGTCCCAGCTACTCGGGAGGCTGAGGCAGGAGAATGGCGTGAACCCGGGAGGCAGAACTTGCAGTGAGCCGAGATCGCGCCACTGCACTCCAGCCTGGGCGACAGAGCGAGACTCCATCTCAAAAAAAAAAAAAAAAAAAAAAAAAAAAAAAA,ACCATGCCCGGCCAATCATTATTATTACTT,AAAAATACAGGCAAGACCCTGTCTCCAAAA,AAAAATACAGGCA,298-329,1-281,14-297,||||||||||||||||||||||||||||||||||||||||||||||||||||||||||||||||||||||||||||||||||||||||||||||||||.||||||||||.||||||||||||||||^^^|||||||||||||||||||||||||||||||||||||||||||||||||||||||||||||||||||||||||||||||||||||||.||.|||||||||||||||||||||||||||||||||||||||||||||||||||||||||||.||||
chr22,43928709,-,LINE1,17.5%,99.7%,99.7%,94.8%,TGCAAAGGGCATTTTCTTTTTTTTTTTTTTTTTTTTTTTTTTTTTTGGTGATGTTTTTTTTTTTTTCTTTTTTTTTCTTTTTTTTTTTTTTTTTTTTTTTTATTATACTCTAAGTTTTAGGGTACATGTGCACATTGTGCAGGTTAGTTACATATGTATACATGTGCCATGCTGGTGCGCTGCACCCACTAATGTGTCATCTAGCATTAGGTATATCTCCCAATGCTATCCCTCCCCCCTCCCCCGACCCCACCACAGTCCCCAGAGTGTGATATTCCCCTTCCTGTGTCCATGTGATCTCATTGTTCAATTCCCACCTATGAGTGAGAATATGCGGTGTTTGGTTTTTTGTTCTTGCGATAGTTTACTGAGAATGATGGTTTCCAATTTCATCCATGTCCCTACAAAGGATATGAACTCATCATTTTTTATGGCTGCATAGTATTCCATGGTGTATATGTGCCACATTTTCCTAATCCAGTCTATCATTGTTGGACATTTGGGTTGGTTCCAAGTCTTTGCTATTGTGAATAGTGCCGCAATAAACATACGTGTGCATGTGTCTTTATAGCAGCATGATTTATACTCATTTGGGTATATACCCAGTAATGGGATGGCTGGGTCAAATGGTATTTCTAGTTCTAGATCCCTGAGGAATCGCCACACTGACTTCCACAATGGTTGAACTAGTTTACAGTCCCACCAACAGTGTAAAAGTGTTCCTATTTCTCCGCATCCTCTCCAGCACCTGTTGTTTCCTGACTTTTTAATGATTGCCATTCTAACTGGTGTGAGATGATATCTCATAGTGGTTTTGATTTGCATTTCTCTGATGGCCAGTGATGATGAGCATTTCTTCATGTGTTTTTTGGCTGCATAAATGTCTTCTTTTGAGAAGTGTCTGTTCATGTCCTTCGCCCACTTTTTGATGGGGTTGTTTGTTTTTTTCTTGTAAATTTGTTTGAGTTCATTGTAGATTCTGGATATTAGCCCTTTGTCAGATGAGTAGGTTGCAAAAATTTTCTCCCATGTTGTAGGTTGCCTGTTCACTCTGATGGTAGTTTCTTTTGCTGTGCAGAAGCTCTTTAGTTTAATTAGATCCCATTTGTCAATTTTGTCTTTTGTTGCCATTGCTTTTGGTGTTTTGGACATGAAGTCCT,TTCTTTTGACCCATGGATTAACCTACTCTG,TGCAAAGGGCATTTTCAAGTTTGTTGCCCT,TGCAAAGGGCATTTTC,17-46,4964-6019,105-1160,|||||||||||||||||||||||||||||||||||||||||||||||||||||||||||||||||||||||||||||||||||||||||||||||||||||||||||||||||||||||||||||||||||||||||||||||||.||||||||||||||||||||||||||||||||||||||||||||||||||.||||||||||||||||||||||||||||||||||||||||||||||||||||||||||||||||||||||||||||||||||||||||||||||||||||||||||||||||||||||||||||||||||||||||||||||||||||||||||||||||||||||||||||||||||||||||||||||||||||||||||||||||||||||||||||||||||||||||||||||||||||||||||||||||||||||||||||||||||||||||||||||||||||||||||||||||||||||||||||||||||||||||||||||||||||||||||||||||||||||||||||||||||||||||||||||||||||||||||||||||||||||||||||||||||||||||||||||||||||||||||||||||||||||||||||||||||||||||||||||||||||||||||.||||||||||||||||||||||||||||||||||||||||||||||||||||||||||||||||||||||||||||||||||||||||||||||||||||||||||||||||||||||||||||||||||||||||||||||||||||||||||||||||||||||||||||||||||||||||||||||||||||||||||||||||||||||||||||||||||||||||||||||||||||||||||||||||||||||||||||||||||||||||||||||||||||||||||||||||||||||||||||||||||||||||||||||||||||||||||||||||||||||||||||||||
chr22,45166718,+,ALU,32.4%,84.5%,95.6%,100.0%,AAAGAATTATGTCGCGTGAACCCGGGAAGCGGAGCTTGCAGTGAGCCGAGATTGCGCCACTGCAGTCCGCAGTCCAGCCTGGGCGACAGAGCGAGACTCCGTCTCAAAAAAAAAAAAAAAAAAAA,ATCCGTACAGAGACCTGGTTTCTGCACAGT,AAAGAATTATGTCTATTCCTGTATTTGTTT,AAAGAATTATGTC,106-125,191-281,3-105,||||^^^^^|.||||||||||||||.||||||||||||||||||||||||.||||||||^^^^^^^|||.|||||||||||||||||||||||||||||||||
chr22,49029644,+,SVA,100.0%,71.5%,94.9%,97.5%,AAGAAAACTCCTGCTCTCCCTCCTCTCCCTCTCCCTCCTCTCCCTCTCCCTCTCCCTCTCCCTCTCCCCACGGTCTCCCTCTCCCCACGGTCTCCCTCTCCCTCTCTTTCCACGGTCTCCCCCTGATGCTGAGCCGAAGCTGGACTGTACTGCTGCCATCTCGGCTCACTGCAACCTCCCTGCCTGATTCTCCTGCCTCAGCCTGCCGAGTGCCTGCGATTGCAGGCGCGTGCCGCCACGCCTGACTGGTTTTCGTATTTTTTTGGTGGAGACAGGGTTTCGCTGTGTTGGCTGGGCTGGTCTCCAGCTCCTAATCACGAGTGATCCGCCAGCCTTGGCCTCCCGAGGTGCCGGGATTGCAGACGGAGTCTCGTTCACTCAGTGCTCAATGGTGCCCAGGCTGGAGTGCAGTGGCGTGATCTCGGCTCGCTACAACCTCCACCTCCCAGCCGCCTGCCTTGGCCTCCCAAAGTGCCGAGATTGCAGCCTCTGCCCGGCCGCCACCCCGTCTGGGAAGTGAGGAGCGTCTCTGCCTGGCCGCCCATCGTCTGGGACGTGAGGAGCCCCTCTGCCTGGCTGCCCAGTCTGGAAAGTGAGGAGCGTCTCTGCCCGGCCGCCATCCCATCTAGGAAGTGAGGAGCGCCTCTGCCAGGCCGCCCATCGTCTGAGATGTGGGGAGCGCCTCTGCCCTGCCACCCCGTCTGGGATGTGAGGAGCGTCTCTGCCCGGCCGCCCCGTCTGAGAAGTGAGGAGACCCTCTGCCTGGCAACCGCCCCGTCTGAGAAGTGAGGAGCCCCTCCGCCCGGCAGCCACACCCTCTGAGAAGTGAGGAGCGTCTCTGCCTGGCAGCCACCCCGTCTGGGAGGGAGGTGGGGGTCAGCCCCCTGCCCCGCCAGCTGCCCATCCGGGAGGGAGGTGGGGGGGTCAGCCCCCCGCCCGGCCAGCTGCCTCGTCCAGGAGGTGAGGGGCGCCTCTGCCCGGCCGCCCCTACTGGGAAGTGAGGAGCCCCTCTGCCCGGCCAGCCGCCCCGTTGGGGAGGGAGGTGGGGGGGACAGCCCCCCGCCCGGCCAGCCGCCCCATCCGGGAGGTGAGGGGCGCCTCTGCCCGGCCGCCCCTACTGGGAAGTGAGGAGCCCCTCTGCCTGGCCAGCCGCCCCGTCGGGGAGGGAGGTGGGGGGGACAGCCCCCCGCCCGGCCAGCCGCCCCGTCCGGGAGGTGAGGGGCGCCTCTGCCCGGCCGCCCCTACTGGGAAGTGAGGAGCCCCTCTGCCCGGCCACCACCCCGTCTGGGAGGTGTACTCAACAGCTCATTGAGAACGGGCCATGATGACAATGGCGGTTTTGTGGAATAGAAAGGGGGGAAAGGTGGGGAAAAGATTGAGAAATCGGATGGTTGCCGTGTCTGTGTAGAAAGAGGTAGACATGGGAGACTTTTCATTTTGTTCTGTACTAAGAAAAATTCTTCTGCCTTGGGATCCTGTTGATCTGTGACCTTACCCCCAACCCTGTGCTCTCTGAAACATGTGCTGTGTCCACTCAGGGTTGAATGGATTAAGGGTGGTGCAAGATGTGCTTTGTTAAACAGATGCTTGAAGGCAGCATGCTCGTTAAGAGTCATCACCACTCCCTAATCTCAAGTACCCAGGGACACAAACACTGCGGAAGGCCGCAGGGTCCTCTGCCTAGGAAAACCAGAGACCTTTGTTCACTTATCTGCTGACCTTCCCTCCACTATTGTCCTGTGACCCTGCCAAATCCCCCTCTGCGAGAAACACCCAAGAATGATCAATAAAAAAAAAAAAAA,CTCAAATATGGCTTCTTGATTTTCTGTTAT,AAGAAAACTCCTTGCTCAAAAGCTAGACAA,AAGAAAACTCCT,1786-1802,1-1316,58-1788,|||||||||||^^^^^||.|||||||||||.|||||||||||||||||||||^^^^^^^^^^^^^^^^^^^^^^^^^^^^^^^^^^^^^^^^^^^^^^^^^^^^^^^^^^^^^^^^^^^^^^^^^^^^^^^^^^^^^^^^^^^^^^^^^^^^^^^^^^^^^^^^^^^^^^^^^^^^^^^^^^^^^^^^^^^^^^^^^^^^^^^^^^^^^^^^^^^^^^^^^^^^^^^^^^^^^^^^^^^^^^^^^^^^^^^^^^^^^^^^^^^^^^^^^^^^^^^^^^^^^^^^^^^^^^^^^^^^^^^^^^^^^^^^^|||||||||||||||||||||||||.|^^^^^^^^^^^^^^^^^^^^^^^^^^^^^^^^^^^^^^^^^^^^^^^^^^^^^^|||.|||||||||||||||||||||||||||||||||||||||||||||||||||||||||||||||||||||||||.|||||.||||||||.|||||||||||||^^^^^^^^^^^^^^^^^^^^^^^^^^^^^^^^^^^^^|.|||||||||||||||||||^^^^^^^^^^^^^^^^^^^^^^^^^^^^^^^^^^^^^^^^.||||||||||||||||||||||||||||.|||||||||.|||.|||||||.|||||||||||||||||.||||||||||||||||||||||||||||||||||||||||||||||||||||.||.||||||||||||||||||||||||||||||||||.|.|..|||||||||||||||||..|||.|||..|||||||||..|||.|||||||||||vv||||||||||||||.||||.||||||.|v|||.||||||||||||||||||||||||||||||.|||||||||||.|||.|||||.|||.|||||||||||||||||||||||||||||||||||||||||||||||.||.|||||||||||||.|.|.||..||||||||||||||||||.||||||||||||||||||||||||||.|||||||||^||||^^^^^^^^^^^^^^^^^^^^^^^^^||||^^|.||..||||||^|.|||..|||||||||||||||.||||||||||||||||||.|||||||||||||||||||||||||.||||||||||||||||||||||||||||||||||.||||||||.||||||||||||||||||||||||||||||||||||||||||||||.|.|||||||||||||||||.||||||||||||||||||||||||||||||||||||||||||||||||||||||||||||||||||||||||||||||||||||||||||||||||||||||||.|||||||||||||||||||||||||||||||||||||||||||||||||||||||||||||||.|||||||||||||||||||||||||||||||||||||||||||.|||||||||||||||||||||||||.|.|||||||||||||||||||||||||||||||||||||||||||||||.||||||||||||||||||||||||||||||||||||||||||||||||||||||||||||||||||||||||||||||||||||||||||||||||||||||vvvv||||||||||||||||||||||||||||||||||||||||||||||||||||||||.||||||||||||||||||||||||
chr22,49879746,-,ALU,76.2%,93.2%,96.3%,100.0%,TTTTTTTTTTTTTGAGACGGAGTCTCGCTCTGTTGCCCAGGCCGGACTGCGGACTGCAGTGGCGCAATCTCGGCTCACTGCAAGCTCCGCTTCCCGGGTTCACGCCATTCTCCTGCCTCAGCCTCCCGAGTAGCTGGGACTACAGGCGCCCACCACCGCGCCCGGCTAATTTTTTGTATTTTTAGTAGAGACGGGGTTTCACCTTGTTAGCCAGGATGGTCTCGATCTCCTGAC,GTCTGGGCCTGTTTCTATTGGTTGGTTTTT,CTCCTGGTCAGTGTCTGGGCGTGTTTCTAT,,1-13,68-281,14-234,||||||||||||||||||||||||||||||.|||||||||||||||||||||||||||||||||||||||||||||.|||||.||||||||||||||||||||||||||||||||||||||||||||||||||||||||||||.||||||||||||||||||||||||.||||||||^^^^^^^|||.|||.||||||||.||||||||||||||||||||
