samples,chrom,pos,strand,ME,%ME,%id,%cov,insertion_seq,left_flank_seq,right_flank_seq,TSD_seq,polyX_coords,ME_coords,insertion_coords,match_string,ME_family,ME_subfamily,ME_start,ME_stop,ME_num_diag_matches,ME_num_diffs,ME_diffs,overlapping_annots,genotype,hap1_region,hap2_region
HG00514,chr22,11860400,+,ALU,100.0%,97.2%,99.6%,AAAATGAATGTATACGGCCGGGCGCGGTGGCTCACGCCTGTAATCCCAGCACTTTGGGAGGCCGAGGCGGGCGGATCACGAGGTCAGGAGATCGAAACCATCCCGGCTAAAACGGTGAAACCCCGTCTCTACTAAAAATACAAAAAAATTAGCCGGGCGTAGTGGCGGGCGCCTGTAGTCCCAGCTACTTGGGAGGCTGAGGCAGGAGAATGGCGTGAACCCGGGAGGCGGAGCTTGCAGTGAGCCGAGATCCCGCCACTGCACTCCAGCCTGGGCGACAGAGCGAGACTCCGTCTCAAAAAAAAAAAAAAA,TTCCCAGTTACATGGGATCTATAGTTCTAC,AAAATGAATGTATACATAATCCATGTAAAT,AAAATGAATGTATAC,298-312,1-281,16-297,||||||||||||||||||||||||||||||||||||||||||||||||||||||||||||||||||||||||||||||||.|||||||.||||||.||||||||||||||||||||||||||||||^||||||||||||||||||.||||||||||||||||||||||||||||.||||||||||||||||||||||||||||||||||||||||||||||||||||||||||||||.||||||||||||||||||||||||||||||||||||||||||||,AluY,AluYa5,1,281,5,7,g81a|t89c|c96a|g145a|c174t|g237c|i127a,,1|1,cluster17_000123F:19478-19789,cluster17_000113F:19478-19789
HG00514,chr22,16437275,+,SVA,98.8%,91.1%,92.0%,AAAAATTTGCGAGTGCTCAATGGTGCCCAGGCTGGAGTGCAGTGGCGTGATCTCAGCTCGCTACAACCCCCACCTCCCAGCCGCCTGCCTTGGCCTCCCAAAATGCCGAGATTGCAGCCTCTGCCCGGCCGCCACCCCGTCTGGGAAGTGAGGAGCATCTCTGCCTGGCCGCCCATCGTCTGGGATGTGAGGAGCCCCTCAGCCTGGCTGCCCAGTCTGGAAAGTGAGGAGCGTCTCTGCCTGGCCGCCATCCCATCTAGGAAGTGAGGAGCGCTTCTGCCCGGCCGCCCATCTTCTGAGATGTGGGGAGCGCCTCTGCCCTGCCACCCCATCTGGGATGTGAGGAGCACCTCTGCCCGGCCGCGACCCCGTCTGGGAGGTGAGGAGCTTCTCTGCCCGGCCGCCCCGTCTGAGAAGTGAGGAGACCCTCTGCCTGGCAACCGCCCCATCTGAGAAGTGAGGAGCCCCTCCGCCCAGCAGCCACCCCGTCTGGGAAGTGAGGAGCGTCTCTGCCCGGCAGCCACCCTACCCGGGAGGGAGGTGGGGGTTCAGCCCCCCGCCCGGTCAGCCACCCCATCCGAGAGGTGAGGGGCGCCTCTGCCCGGCCGCCCCTACTGGGAAGTGAGGAGCCCCTCTGCCCGGCCAGCCGCCCCGTCTGAGAGGGAGGTGGGGGGGTTAGCCCCCCGCCCGGCCAGCCGCCCCGTCTGGGAGGGAGGTGGGGGGGTCTGCCCTTCGCCCGGCCAGCCGCTCCGTCCAGGAGGTGAGGGGCGCCTCTGCCCGGCCGCGCCTAATGGGAAGTGAGGAGCCCCTCTGCCAGGCCACCACCCCATCTGGGAGGTGTACCCAACAGCTCATTGAGAACGGGCCATGATGACAATGGCGGTTTTGTGGAATAGAAAGGGGGGAAAGGTGGGGAAAAGATTGAGAAATCGGATGGTTGCCGTGTCTGTGTAGAAAGAAGTATACATGGGAGACTTTTCATTTTGTTCTGTACTAAGAAAAATTCTTCTGCCTTGGGATCCTGTTGATCTGTGACCTTATCCCCAACCCTGTGCTCTCTGAAACATGTGCTGTGTCCACTCAGGGTTAAATGGATTAAGGACGGTGCAAGATGTGCTTTGTTAAAAAGATGCTTGAAGGCAGCATGCTCGTTAAGAGTCATCACCACTCCCTAATCTCAAGTACCCAGGGACACAAACACGGCGGAAGGCCGCAAGGTCCTCTGCCTAGGAAAACCAGAGACCTTTGTTCACTTGTTTATCTGCTGACCTTCCCTCCACTATTGTCCTATGACCCTGCCAAATCCCCCTCTGCGAGAAACACCCAAGAATGATCAATAACAAAAAAAAAAAAAGAAAAA,ATGGTGAAACCCCGTCTCTACTAAAAATAC,AAAAATTTGCTGGGCCTGGTGGTGCGCGCC,AAAAATTTGC,1339-1360,17-1316,16-1338,|||^^^^^|.||||^^^|||..|.|vvvvvvvvvvvvvv|||..|||...|||||^^.|||^|||^^^^^^^^|...|||.||||||||||||||||||||.||||||||||||||||||||||||||||||||||||||||||||||||||||..||||.||||||||.|||||||||||||||^^^^^^^^^^^^^^^^^^^^^^^^^^^^^^^^^^^^^||||||||||||^^^^^^^^^^^^^^^^^^^^^^^^^^^^^^^^^^^^^^^^|||||||.||||||||||.|||||||||||||||||.|||||||||.|||.||||.||.||||||||||||||..|.|||||||||||^^^|||||||||.||.||||||||...|||||||.||vvv||||.||.||||||||||||||||.|||||.|||.||||.||||||..|||||||||||||||||||||||||||||||||||||..|||.|||^||.||||vvvvvvvvvv|||^.|.|.||||||v|||||.|||...|||||||||||||v|||||.|||||||||.||||||.|||||.||||.||||.||.||||||||||||||||||||||||||||||||||||||||||||||vvvvvvvvvvvvvvvvvvvvvvvvvvvvvvvvvvvvvvvvvvvvvvvvv|||.|.||||||||||||||||||||.|.|||||||||||||||.|.||||||||||||.|||||||||||||||.||||||||||||||||||||.||||..|||||||||||||||.|.||||.||||||||||||||||||||||||||||||||||.|||.||||||||||||||||||||.||||||||||||.||||||||||||.|||||||||||||||||||.|||||||||||||||||||||||||||||||||||||||||||||||||||||||||||||||||||||||||||||||||||||||||||||||||.|||.||.|||||||||||||||||||||||||||||||||||||||||||||||||||||||||||||||.|||||||||.|||||||||||||||||||||||||||||||||.|||||||||||||.|||||||||||..||||||||||||||||||||||||.|||||||||||||||||||||||.||||||||||||||||||||||||||||||||||||||||||||||||||.|||||||||||||.|||||||||||||||||||||||||||||||||||||||||||||||||||||||||||||||||||||||||.|||||||||||||||||||||||.||||||||||||||||||||||||,SVA,SVA,,,,,,chr22:16437168:16437446:+:AluSq2:SINE:Alu:22,1|0,cluster3_000014F:37987-39346,
HG00514,chr22,16765164,+,LINE1,100.0%,99.6%,100.0%,AAAGAACTCCTGGGGAGGAGCCAAGATGGCCGAATAGGAACAGCTCAGGTCTACAGCTCCCAGCGTGAGCGACGCAGAAGACGGTGATTTCTGCATTTCCATCTGAGGTACCGGGTTCATCTCACTAGGGAGTGCCAGACAGTGGGCGCAGGCCAGTGTGTGTGCGCACCATGCGCGAGCCGAAGCAGGGCGAGGCATTGCCTCACCTGGGAAGCGCAAGGGGTCAGGGAGTTCCCTTTCCGAGTCAAAGAAAGGGGTGACGGTCGCACCTGGAAAATCGGGTCACTCCCACCCGAATATTGCGCTTTTCAGACCGGCTTAAGAAACGGCGCACCACGAGACTATATCCCACACCTGGCTCGGAGGGTCCTACGCCCACGGAATCTCGCTGATTGCTAGCACAGCAGTCTGAGATCAAACTGCAAGGCGGCAACGAGGCTGGGGGAGGGGCGCCCGCCATTGCCCAGGCTTGCTTAGGTAAACAAAGCAGCCGGGAAGCTCGAACTGGGTGGAGCCCACCACAGCTCAAGGAGGCCTGCCTGCCTCTGTAGGCTCCACCTCTGGGGGCAGGGCACAGACAAACAAAAAGACAGCAGTAACCTCTGCAGACTTAAGTGTCCCTGTCTGACAGCTTTGAAGAGAGCAGTGGTTCTCCCAGCACGCAGCTGGAGATCTGAGAACGGGCAGACTGCCTCCTCAAGTGGGTCCCTGACTCCTGACCCCCGAGCAGCCTAACTGGGAGGCACCCCCCAGCAGGGGCACACTGACACCTCACACGGCAGGGTATTCCAACAGACCTGCAGCTGAGGGTCCTGTCTGTTAGAAGGAAAACTAACAACCAGAAAGGACATCTACACCGAAAACCCATCTGTACATCACCATCATCAAAGACCAAAAGTAGATAAAACCACAAAGATGGGGAAAAAACAGAACAGAAAAACTGGAAACTCTAAAACGCAGAGCGCCTCTCCTCCTCCAAAGGAACGCAGTTCCTCACCAGCAACAGAACAAAGCTGGATGGAGAATGATTTTGACGAGCTGAGAGAAGAAGGCTTCAGACGATCAAATTACTCTGAGCTACGGGAGGACATTCAAACCAAAGGCAAAGAAGTTGAAAACTTTGAAAAAAATTTAGAAGAATGTATAACTAGAATAACCAATACAGAGAAGTGCTTAAAGGAGCTGATGGAGCTGAAAACCAAGGCTCGAGAACTACGTGAAGAATGCAGAAGCCTCAGGAGCCGATGCGATCAACTGGAAGAAAGGGTATCAGCAATGGAAGATGAAATGAATGAAATGAAGCGAGAAGGGAAGTTTAGAGAAAAAAGAATAAAAAGAAATGAGCAAAGCCTCCAAGAAATATGGGACTATGTGAAAAGACCAAATCTACGTCTGATTGGTGTACCTGAAAGTGATGTGGAGAATGGAACCAAGTTGGAAAACACTCTGCAGGATATTATCCAGGAGAACTTCCCCAATCTAGCAAGGCAGGCCAACGTTCAGATTCAGGAAATACAGAGAACACCACAAAGATACTCCTCGAGAAGAGCAACTCCAAGACACATAATTGTCAGATTCACCAAAGTTGAAATGAAGGAAAAAATGTTAAGGGCAGCCAGAGAGAAAGGTCGGGTTACCCTCAAAGGAAAGCCCATCAGACTAACAGCAGATCTCTCGGCAGAAACCCTACAAGCCAGAAGAGAGTGGGGGCCAATATTCAACATTCTTAAAGAAAAGAATTTTCAACCCAGAATTTCATATCCAGCCAAACTAAGCTTCATAAGTGAAGGAGAAATAAAATACTTTATAGACAAGCAAATGTTGAGAGATTTTGTCACCACCAGGCCTGCCCTAAAAGAGCTCCTGAAGGAAGCGCTAAACATGGAAAGGAACAACCGGTACCAGCCGCTGCAAAATCATGCCAAAATGTAAAGACCATCGAGACTAGGAAGAAACTGCATCAACTAATGAGCAAAATCACCAGCTAACATCATAATGACAGGATCAAATTCACACATAACAATATTAACTTTAAATATAAATGGACTAAATTCTGCAATTAAAAGACACAGACTGGCAAGTTGGATAAAGAGTCAAGACCCATCAGTGTGCTGTATTCAGGAAATCCATCTCACGTGCAGAGACACACATAGGCTCAAAATAAAAGGATGGAGGAAGATCTACCAAGCAAATGGAAAACAAAAAAAGGCAGGGGTTGCAATCTTAGTCTCTGATAAAACAGACTTTAAACCAACAAAGATCAAAAGAGACAAAGAAGGCCATTACATAATGGTAAAGGGATCAATTCAACAAGAGGAGCTAACTATCCTAAATATTTATGCACCCAATACAGGAGCACCCAGATTCATAAAGCAAGTCCTCAGTGACCTACAAAGAGACTTAGACTCCCACACATTAATAATGGGAGACTTTAACACCCCACTGTCAACATTAGACAGATCAACGAGACAGAAAGTCAACAAGGATACCCAGGAATTGAACTCAGCTCTGCACCAAGCAGACCTAATAGACATCTACAGAACTCTCCACCCCAAATCAACAGAATATACATTTTTTTCAGCACCACACCACACCTATTCCAAAATTGACCACATAGTTGGAAGTAAAGCTCTCCTCAGCAAATGTAAAAGAACAGAAATTATAACAAACTATCTCTCAGACCACAGTGCAATCAAACTAGAACTCAGGATTGAGAATCTCACTCAAAGCCGCTCAACTACATGGAAACTGAACAACCTGCTCCTGAATGACTACTGGGTACATAACGAAATGAAGGCAGAAATAAAGATGTTCTTTGAAACCAACGAGAACAAAGACACCACATACCAGAATCTCTGGGACGCATTCAAAGCAGTGTGTAGAGGGAAATTTATAGCACTAAATGCCTACAAGAGAAAGCAGGAAAGATCCAAAATTGACACCCTAACATCACAATTAAAAGAACTAGAAAAGCAAGAGCAAACACATTCAAAAGCTAGCAGAAGGCAAGAAATAACTAAAATCAGAGCAGAACTGAAGGAAATAGAGACACAAAAAACCCTTCAAAAAATCAATGAATCCAGGAGCTGGTTTTTTGAAAGGATCAACAAAATTGATAGACCGCTAGCAAGACTAATAAAGAAAAAAAGAGAGAAGAATCAAATAGACACAATAAAAAATGATAAAGGGGATATCACCACCGATCCCACAGAAATACAAACTACCATCAGAGAATACTACAAACACCTCTACGCAAATAAACTAGAAAATCTAGAAGAAATGGATACATTCCTCGACACATACACTCTCCCAAGACTAAACCAGGAAGAAGTTGAATCTCTGAATAGACCAATAACAGGCTCTGAAATTGTGGCAATAATCAATAGTTTACCAACCAAAAAGAGTCCAGGACCAGATGGATTCACAGCCGAATTCTACCAGAGGTACATGGAGGAACTGGTACCATTCCTTCTGAAACTATTCCAATCAATAGAAAAAGAGGGAATCCTCCCTAACTCATTTTATGAGGCCAGCATCATTCTGATACCAAAGCCGGGCAGAGACACAACCAAAAAAGAGAATTTTAGACCAATATCCTTGATGAACATTGATGCAAAAATCCTCAATAAAATACTGGCAAACCGAATCCAGCAGCACATCAAAAAGCTTATCCACCATGATCAAGTGGGCTTCATCCCTGGGATGCAAGGCTGGTTCAATATACGCAAATCAATAAATGTAATCCAGCATATAAACAGAGCCAAAGACAAAAACCACATGATTATCTCAATAGATGCAGAAAAAGCCTTTGACAAAATTCAACAACCCTTCATGCTAAAAACTCTCAATAAATTAGGTATTGATGGGACGTATTTCAAAATAATAAGAGCTATCTATGACAAACCCACAGCCAATATCATACTGAATGGGCAAAAACTGGAAGCATTCCCTTTGAAAACCGGCACAAGACAGGGATGCCCTCTCTCACCGCTCCTATTCAACATAGTGTTGGAAGTTCTGGCCAGGGCAATCAGGCAGGAGAAGGAAATAAAGGGTATTCAATTAGGAAAAGAGGAAGTCAAATTGTCCCTGTTTGCAGACGACATGATTGTTTATCTAGAAAACCCCATCGTCTCAGCCCAAAATCTCCTTAAGCTGATAAGCAACTTCAGCAAAGTCTCAGGATACAAAATCAATGTACAAAAATCACAAGCATTCTTATACACCAACAACAGACAAACAGAGAGCCAAATCATGGGTGAACTCCCATTCACAATTGCTTCAAAGAGAATAAAATACCTAGGAATCCAACTTACAAGGGATGTGAAGGACCTCTTCAAGGAGAACTACAAACCACTGCTCAAGGAAATAAAAGAGGAGACAAACAAATGGAAGAACATTCCATGCTCATGGGTAGGAAGAATCAATATCGTGAAAATGGCCATACTGCCCAAGGTAATTTACAGATTCAATGCCATCCCCATCAAGCTACCAATGACTTTCTTCACAGAATTGGAAAAAACTACTTTAAAGTTCATATGGAACCAAAAAAGAGCCCGCATTGCCAAGTCAATCCTAAGCCAAAAGAACAAAGCTGGAGGCATCACACTACCTGACTTCAAACTATACTACAAGGCTACAGTAACCAAAACAGCATGGTACTGGTACCAAAACAGAGATATAGATCAATGGAACAGAACAGAGCCCTCAGAAATAATGCCGCATATCTACAACTATCTGATCTTTGACAAACCTGAGAAAAACAAGCAATGGGGAAAGGATTCCCTATTTAATAAATGGTGCTGGGAAAACTGGCTAGCCATATGTAGAAAGCTGAAACTGGATCCCTTCCTTACACCTTATACAAAAATCAATTCAAGATGGATTAAAGATTTAAACGTTAAACCTAAAACCATAAAAACCCTAGAAGAAAACCTAGGCATTACCATTCAGGACATAGGCGTGGGCAAGGACTTCATGTCCAAAACACCAAAAGCAATGGCAACAAAAGACAAAATTGACAAATGGGATCTAATTAAACTAAAGAGCTTCTGCACAGCAAAAGAAACTACCATCAGAGTGAACAGGCAACCTACAGAATGGGAGAAAATTTTCGCAACCTACTCATCTGACAAAGGGCTAATATCCAGAATCTACAATGAACTCAAACAAATTTACAAGAAAAAAACAAACAACCCCATCAAAAAGTGGGCGAAGGACATGAACAGACACTTCTCAAAAGAAGACATTTATGCAGTCAAAAAACACATGAAGAAATGCTCATCATCACTGGCCATCAGAGAAATGCAAATCAAAACCACTATGAGATATCATCTCACACCAGTTAGAATGGCAATCATTAAAAAGTCAGGAAACAACAGGTGCTGGAGAGGATGCGGAGAAATAGGAACACTTTTACACTGTTGGTGGGACTGTAAACTAGTTCAACCATTGTGGAAGTCAGTGTGGCGATTCCTCAGGGATCTAGAACTAGAAATACCATTTGACCCAGCCATCCCATTACTGGGTATATACCCAAATGAGTATAAATCATGCTGCTATAAAGACACATGCACACGTATGTTTATTGCGGCACTATTCACAATAGCAAAGACTTGGAACCAACCCAAATGTCCAACAATGATAGACTGGATTAAGAAAATGTGGCACATATACACCATGGAATACTATGCAGCCATAAAAAATGATGAGTTCATATCCTTTGTAGGGACATGGATGAAATTGGAAACCATCATTCTCAGTAAACTATCGCAAGAACAAAAAACCAAACACCGCATATTCTCACTCATAGGTGGGAATTGAACAATGAGATCACATGGACACAGGAAGGGGAATATCACACTCTGGGGACTGTGGTGGGGTCGGGGGATGGGGGAGGGATAGCATTGGGAGATATACCTAATGCTAGATGACACATTAGTGGGTGCAGCGCACCAGCATGGCACATGTATACATATGTAACTAACCTGCACAATGTGCACATGTACCCTAAAACTTAGAGTATAATAAAAAAAAAAAAAAAAAAAGAAAAAAAAAAAA,TTTGATAAGGGATCAATATCCAGAATATAT,AAAGAACTCCTACAACTCAGCAATAAAGAA,AAAGAACTCCT,6026-6060,2-6019,12-6025,|||||||||||||||||||||||||||||||||||.|||||||||||||||||||||||||||||||||||||||||||||||||||||||||||||||||||||||||||||||||||||||||||||||||||||||||||||||||||||||||||.|||||||||||||||||||||||||||||||||||||||||||||||||||||||||||||||||||||.|||||||||||||||||||||||||||||||||||||||||||||||||||||||||||||||||||||||||||||||||||||||||||||||||||||||||||||||||||||||||||||||||||||||||||||||||||||||||||||||||||||||||||||||||||||||||||||||||||||||||||||||||||||||||||||||||||||||||||||||||||||||||||||||||||||||||||||||||||||||||||||||||||||||||||||||||||||||||||||||||||||||||||||||||||||||||||||||||||||||||||||||||||||||||||||||||||||||||||||||||||||||||||||||||||||||||||||||||||||||||||vvvv||||||||||||||||||||||||||||||||||||||||||||||||||||||||||||||||||||||||||||||||||||||||||||||||||||||||||||||||||||||||||||||||||||||||||||||||||||||||||||||||||||||||||||||||||||||||||||||||||||||||||||||||||||||||||||||||||||||||||||||||||||||||||||||||||||||||||||||||||||||||||||||||||||||||||||||||||||||||||||||||.||||||||||||||||||||||||||||||||||||||||||||||||||||||||||||||||||||||||||||||||||||||||||||||||||||||||||||||||||||||||||||||||||||||||||||||||||||||||||||||||||||||||||||||||||||||||||||||||||||||||||||||||||||||||||||||||||||||||||||||||||||||||||||||||||||||||||||||||||||||||||||||||||||||||||||||||||||||||||||||||||||||||||||||||||||||||||||||||||||||||||||||||||||||||||||||||||||||||||||||||||||||||||||||||||||||||||||||||||||||||||||||||||||||||||||||||||||||||||||||||||||||||||||||||||||||||||||||||||||||.||||||||||||||||||||||||||||||||||||||||||||||||||||||||||||||||||||||||||||||||||||||||||||||||||||||||||||||||||||||||||||||||||||||||||||||..|||||||||||||||||||||||||||||||||||||||||||||||||||||||||||||||||||||||||||||||||||||||||||||||||||||||||||||||||||||||||||||||||||||||||||||||||||||||||||||||||||||||||||||||||||||||||||||||||||||||||||||||||||||||||||||||||||||||||||||||||||||||||||||||||||||||||||||||||||||||||||||||||||||||||||||||||||||||||||||||||||||||||||||||||||||||||||||||||||||||||||||||||||||||||||||||||||||||||||||||||||||||||||||||||||||||||||||||||||||||||||||||||||||||||.|||||||||||||||||||||||||||||||||||||||||||||||||||||||||||||||.|||||||||||||||||||||||||||||||||.||||||||||||||||||||||||||||||||||||||||||||||||||||||||||||||||||||||||||||||||||||||||||||||||||||||||||||||||||||||||||||||||||||||||||||||||||||||||||||||||||||||||||||||||||||||||||||||||||||||||||||||||||||||||||||||||||||||||||||||||||||||||||||||||||||||||||||||||||||||||||||||||||||||||||||||||||||||||||||||||||||||||||||||||||||||||||.|||||||||||||||||||||||||||||||||||||||||||||||||||||||||||||||||||||||||||||||||||||||||||||||||||||||||||||||||||||||||||||||||||||||||||||.|||||||||||||||||||||||||||||||||||||||||||||||||||||||||||||||||||||||||||||||||||||||||||||||||||||||||||||||||||||||||||||||||||||||||||||||||||||||||||||||||||||||||||||||||||||||||||||||||||||||||||||||||||||||||||||||||||||||||||||||||||||||||||||||||||||||||||||||||||||||||||||||||||||||||||||||||||||||||||||||||||||||||||||||||||||||||||||||||||||||||||||||||||||||||||||||||||||||||||||||||||||||||||||||||||||||||||||||||||||||||||||||||||||||||||||||||||||||||||||||||||||||||||||||||||||||||||||||||||||||||||||||||||||||||||||||||||||||||||||||||||||||||||||||||||||||||||||||||||||||||||||||||||||||||||||||||||||||||||||||||||||||||||||||||||||||||||||||||||||||||||||||||||||||||||||||||||||||||||||||||||||||||||||||||||||||||||||||||||||||||||||||||||||||||||||||||||||||||||||||||||||||||||||||||||||||||||||||||||||||||||||||||||||||||||||||||||||||||||||||||||||||||||||||||||||||||||||||||||||||||||||||||||||||||||||||||||||||||||||||||||||||||||||||||||||||||||||||||||||||||||||||||||||||||||||||||||||||||||||||||||||||||||||||||||||||||||||||||||||||||||||||||||||||||||||||||||||||||||||||||||||||||||||||||||||||||||||||||||||||||||||||||||||||||||||||||||||||||||||||||||||||||||||||||||||||||||||||||||||||||||||||||||||||||||||||||||||||||||||||||||||||||||||||||||||||||||||||||||||||||||||||||||||||||||||||||||||||||||||||||||||||||||||||||||||||||||||||||||||||.|||||||||||||||||||||||||||||||||||||||||||||||||||||||||||||||||||||||||||||||||||||||||||||||||||||||||||||||||||||||||||||||||||||||||||||||||||||||||||||||..|||||||||||||||||||||||||||||||||||||||||||||||||||||||||||||||||||||||||||||||||||||||||||||||||||||||||.|||||||||||||||||||||||||||||||||||||||||||||||||||||||||||||||||||||||||||||||||||||||||||||||||||||||||||||||||||||||||||||||||||||||||||||||||||||||||||||||||||||||||||||||||||||||||||||||||||||||||||||||||||||||||||||||||||||||||||||||||||||||||||||||||||||||||||||||||||||||||||||||||||||||||||||||||||||||||||||||||||||||||||||||||||||||||||||||||||||||||||||||||||||||||||||||||||||||||||||||||||||||||||||||||||||||||||||||||||||||||||||||||||||||||||||||||||||||||||||||||||||||||||||||||||||||||||||||||||||||||||||||||||||||||||||||||||||||||||||||||||||||||||||||||||||||||||||||||||||||||||||||||||||||||||||||||||||||||||||||||||||||||||||||||||||||||||||||||||||||||||||||||||||||||||||||||||||||||||||..||||||||||||||||||||||||||||||||||||||||||||||||||||||||||||||||||.|||||||||||||||||||||||||||||||||||||||||||||||||||||||||||||||||||||||||||||||||||||||||||.||||||||||||||||||||||||||||||||||||||||||||||||||||||||||||||||||||||||||||||||||||||||||||||||||||||||||||||||||||||||||||||||||||||||||||||||||||||||||||||||||||||||||||||||||||||||||||||||||||||||||||||||||||||||||||||||||||||||||||||||||||||||||||||||||||||||||||||||||||||||||||||||||||||||||||||||||||||||||||||||||||||||||||||||||||||||||||||||||||||||||||||||||||||||||||||||||||||||||||||||||||||||||||||||||||||||||||||||||||||||||||||||||||||||||||||||||||||||||||||||||||||||||||||||||||||||||||||||||||||||||||||||||||||||||||||||||||||||||||||||||||||||||||||||||||||||||||||||||||||||||||||||||||||||||||||||||||||||.||||||||||||||||||||||||||||||||||||||||||||||||||||||||||||||||||||||||||||||||||||||||||||||||||||||||||||||||||||||||||||||||||||||,LINE1,L1Ta1d,2,6019,0,23,d1|c37a|g161a|t231c|d675-678|g999a|g1518a|t1661c|g1662a|c2120t|c2184a|c2218t|c2565a|a2707g|a4107t|g4267a|t4268c|c4374g|a5092g|c5093a|t5160c|c5252t|g5885t,chr22:16765013:16765505:+:L1MB3:LINE:L1:5099,1|0,cluster11_000007F:85793-91852,
HG00514,chr22,17224400,-,ALU,100.0%,95.8%,97.2%,AACAAGTGCTAATAATTTTTTTTTTTTTTTTTTTTTTTTTTTTTGAGACGGAGTCTCGCTCTGTCGCCCAGGCCGGACTGCGGACTGCAGTGGCGCAATCTCGGCTCACTGCAAGCTCCGCTTCCCGGGTTCACGCCATTCTCCTGCCTCAGCCTCCCGAGTAGCTGGGACTACAGGCGCCGGCCACCGCGCCCGGCTAATTTTTTTGTATTTTTAGTAGAGACGGGGTTTCACCTTGTTAGCCAGGATGGTCTCGATCTCCTGACCTCATGATCCACCCGCCTCGGCCTCCCAAAGTGCTGGGATTACAGGCGTGAGCCACCGCGCCCGGCC,AAAAAAAACTTGGAAGATGGAAGGTACATA,AACAAGTGCTAATAATTTAGAAGACAAAAA,AACAAGTGCTAATAATTT,19-44,1-281,45-333,||||||||||||||||||||||||||||||||||||||||||||||||||||||||.||||||.|||||||||||||||||||||||||||||||||.||||||||||||||||||||||||||||^|||||||||||||||||.||||||.|||||||||||||||||||||||||||||||||||||||||||||||||||||||||||.||||||||||||||||||||||||.||||||||^^^^^^^|||.|||.|||||||||||||||||||||||||||||,AluY,AluYb8,1,281,9,11,c57t|c64t|c98a|t144c|g151c|g211a|c236t|i252gcagtcc|c248g|a252g|i127a,chr22:17224231:17224433:+:HAL1:LINE:L1:1,1|1,cluster11_000005F:1016166-1016498,cluster11_000003F:984863-985195
HG00514,chr22,17567654,-,ALU,100.0%,96.5%,97.2%,TATCCTTGCTTTTATTTATTTATTTATTTATTTATTTATTTTATTTTATTTTTTTTTTTTTTTTGAGACGGAGTCTCGCTCTGTCGCCCAGGCCGGACTGCGGACTGCAGTGGCGCAATCTCGGCTCACTGCAAGCTCCGCTTCCCGGGTTCACGCCATTCTCCTGCCTCAGCCTCCCGAGTAGCTGGGACCACAGGCGCCCGCCACCACGCCCGGCTAATTTTTTGTATTTTTAGTAGAGACGGGGTTTCACCTTGTTAGCCAGGATGGTCTCGATCTCCTGACCTCATGATCCACCCGCCTCGGCCTCCCAAAGTGCTGGGATTACAGGCGTGAGCCACCGCGCCCGGCCT,ATTTGCCAGTGGATCTCCATTTTACCTCTC,TATCCTTGCTTTTATAATTCCATCAACATC,TATCCTTGCTTTTAT,16-64,1-281,65-352,||||||||||||||||||||||||||||||||||||||||||||||||||||||||.||||||.|||||||||||||||||||||||||||||||||.||||||||||||||||||||||||||||||||||||||||||||||||||||||||||||||.|||||||||||||||||||||||||||||||||||||||||||||||||.||||||||||||||||||||||||.||||||||^^^^^^^|||.|||.|||||||||||||||||||||||||||||,AluY,AluYb7_2,1,281,8,9,c57t|c64t|c98a|a161g|g211a|c236t|i252gcagtcc|c248g|a252g,,1|1,cluster11_000005F:672479-672831,cluster11_000003F:639967-640324
HG00514,chr22,19373922,-,ALU,33.8%,97.9%,100.0%,TGCTCTGGCTTTTTTTTTTTTTTTTTTTTTTTGAGACGGAGTCTCGCTCTGTCGCCCAGGCTGGAGTGCAGTGGCGGGATCTCGGCTCACTGCAAGCTCCGCCTCCCGGGTTCACGCCATTCTCCTG,GCCTTGCACCCATGGTGCAGTTCTGCTCAC,TGCTCTGGCTTTTTTGTTCACTCTTAGATT,TGCTCTGGCTTTTTT,16-32,187-281,33-127,||||||||||||||||||||||||||||||||||||||||||||||||||.||||||||||||||||||||||||||||||||||||||||||||,AluY,AluYa,187,281,0,2,d1-186|g237c,chr22:19373260:19374045:-:L1MEd:LINE:L1:-6214,1|0,cluster11_000004F:338036-338162,
HG00514,chr22,21039497,+,ALU,100.0%,97.6%,99.3%,AAAGAAATATAGGCCAGGGCCGGGCGCGGTGGCTCACGCCTGTAATCCCAGCACTTTGGGAGGCCGAGGCGGGCGGATCACGAGGTCAGGAGATCGAGACCATCCTGGCTAACACGGTGAAACCCCGTCTCTACTAAAAATACAAAAAATTAGCCGGGCGAGGTGGCGGGCGCCTGTAGTCCCAGCTACTCGGGAGGCTGAGGCAGGAGAATGGCGTGAACCCCAGGGGGCGGAGCCTGCAGTGAGCCGAGATTGCGCCACTGCACTCCAGCCTGGGCGACAGCGAGACTCCGTCTCAAAAAAAAAAAAAAAAAAAAAAA,TAGAGAAATATCAAATTAAAAAGAAGACAC,AAAGAAATATAGGCCAGGCACGGTGGCTCA,AAAGAAATATAGGCCAGG,298-320,1-281,18-297,|||||||||||||||||||||||||||||||||||||||||||||||||||||||||||||||||||||||||||||||||||||||||||||||||||||||||||||||||||||||||||||||||||||||||||||||.||||||||||||||||||||||||||||||||||||||||||||||||||||||||||||||^^|||v||||||||.||||||||||||||||.|||||||||||||||||||||||||||vv||||||||||||||||,AluY,AluYe5,1,281,5,7,t144a|i204c|g207a|a210g|t219c|c236t|d264-265,chr22:21039410:21039508:+:MER34-int:LTR:ERV1:1153,0|1,,cluster11_000005F:91915-92234
HG00514,chr22,22131975,-,LINE1,100.0%,99.4%,99.7%,GCATATTTCTTTTTTTTTTTTTTTTATTATACTCTAAGTTTTAGGGTACATGTGCACATTGTGCAGGTTAGTTACATATGTATACATGTGCCATGCTGGTGCGCTGCACCCACTAATGTGTCATCTAGCATTAGGTATATCTCCCAATGCTATCCCTCCCCACTCCCCCGACCCCACCACAGTCCCCAGAGTGTGATATTCCCCTTCCTGTGTCCATGTGATCTCATTGTTCAATTCCCACCTATGAGTGAGAATATGCGGTGTTTGGTTTTTTGTTCTTGCGATAGTTTACTGAGAATGATGGTTTCCAATTTCATCCATGTCCCTACAAAGGATATGAACTCATCATTTTTTATGGCTGCATAGTATTCCATGGTGTATATGTGCCACATTTTCTTAATCCAGTCTATCATTGTTGGACATTTGAGTTGGTTCCAAGTCTTTGCTATTGTGAATAGTGCCACAATAAACATACGTGTGCATGTGTCTTTATAGCAGCATGATTTATACTCATTTGGGTATATACCCAGTAATGGGATGGCTGGGTCAAATGGTATTTCTAGTTCTAGATCCCTGAGGAATCGCCACACTGATTTCCACAATGGTTGAACTAGTTTACAGTCCCACCAACAGTGTAAAAGTGTTCCTATTTCTCCACATCCTCTCCAGCACCTGTTGTTTCCTGACTTTTTAATGATTGCCATTCTAACTGGTGTGAGATGATATCTCATAGTGGTTTTGATTTGCATTTCTCTGATGGCCAGTGATGATGAGCATTTCTTCATGTGTTTTTTGGCTGCATAAATGTCTTCTTTTGAGAAGTGTCTGTTCATGTCCTTCGCCCACTTTTTGATGGGGTTGTTTGTTTTTTTCTTGTAAATTTGTTTGAGTTCATTGTAGATTCTGGATATTAGCCCTTTGTCAGATGAGTAGGTTGCGAAAATTTTCTCCCATGTTGTAGGTTGCCTGTTCACTCTGATGGTAGTTTCTTTTGCTGTGCAGAAGCTCTTTAGTTTAATTAGATCCCATTTGTCAATTTTGACTTTTGTTGCCATTGCTTTTGGTGTTTTGGACATGAAGTCCTTGCCCACGCCTATGTCCTGAATGGTAATGCCTAGGTTTTCTTCTAGGGTTTTTATGGTTTTAGGTCTAACGTTTAAATCTTTAATCCATCTTGAATTGATTTTTGTATAAGGTGTAAGGAAGGGATCCAGTTTCAGCTTTGTACATATGGCTAGCCAGTTTTCCCAGCACCATTTATTAAATAGGGAATCCTTTCCCCATTGCTTGTTTTTCTCAGGTTTGTCAAAGATCAGATAGTTGTAGATATGCGGCATTATTTCTGAGGGCTCTGTTCTGTTCCATTGATCTATATCTCTGTTTTGGTACCAGTACCATGCTGTTTTGGTTACTGTAGCCTTGTAGTATAGTTTGAAGTCAGGTAGTGTGATGCCTCCAGCTTTGTTCTTTTGGCTTAGGATTGACTTGGCGATGCGGGCTCTTTTTTGGTTCCATATGAACTTTAAAGTAGTTTTTTCCAATTCTGTGAAGAAAGTCATTGGTAGCTTGATGGGGATGGCATTGAATCTGTAAATTACCTTGGGCAGTATGGCCATTTTCACGATATTGATTCTTCCTACCCATGAGCATGGAATGTTCTTCCATTTGTTTGTGTCCTCTTTTATTTCCTTGAGCAGTGGTTTGTAGTTCTCCTTGAAGAGGTCCTTCACATCCCTTGTAAGTTGGATTCCTAGGTATTTTATTCTCTTTGAAGCAATTGTGAATGGGAGTTCACCCATGATTTGGCTCTCTGTTTGTCTATTGTTGGTGTATAAGAATGCTTGTGATTTTTGTACATTGATTTTGTATCCTGAGACTTTGCTGAAGTTGCTTATCAGCTTAAGGAGATTTTGGGCTGAGACGATGGGGTTTTCTAGATAAACAATCATGTCGTCTGCAAACAGGGACAATTTGACTTCCTCTTTTCCTAATTGAATACCCTTTATTTCCTTCTCCTGCCTGATTGCCCTGGCCAGAACTTCCAACACTATGTTGAATAGGAGCGGTGAGAGAGGGCATCCCTGTCTTGTGCCAGTTTTCAAAGGGAATGCTTCCAGTTTTTGCCCATTCAGTATGATATTGGCTGTGGGTTTGTCATAGATAGCTCTTATTATTTTGAAATACGTCCCATCAATACCTAATTTATTGAGAGTTTTTAGCATGAAGGGTTGTTGAATTTTGTCAAAGGCTTTTTCTGCATCTATTGAGATAATCATGTGGTTTTTGTCTTTGGCTCTGTTTATATGCTGGATTACATTTATTGATTTGCGTATATTGAACCAGCCTTGCATCCCAGGGATGAAGCCCACTTGATCATGGTGGATAAGCTTTTTGATGTGCTGCTGGATTCGGTTTGCCAGTATTTTATTGAGGATTTTTGCATCAATGTTCATCAAGGATATTGGTCTGAAATTCTCTTTTTTGGTTGTGTCTCTGCCCGGCTTTGGTATCAGAATGATGCTGGCCTCATAAAATGAGTTAGGGAGGATTCCCTCTTTTTCTATTGATTGGAATAGTTTCAGAAGGAATGGTACCAGTTCCTCCTTGTACCTCTGGTAGAATTCGGCTGTGAATCCATCTGGTCCTGGACTCTTTTTGGTTGGTAAACTATTGATTATTGCCACAATTTCAGAGCCTGTTATTGGTCTATTCAGAGATTCAACTTCTTCCTGGTTTAGTCTTGGGAGAGTGTATGTGTCGAGGAATGTATCCATTTCTTCTAGATTTTCTAGTTTATTTGCGTAGAGGTGTTTGTAGTATTCTCTGATGGTAGTTTGTATTTCTGTGGGATCGGTGGTGATATCCCCTTTATCATTTTTTATTGTGTCTATTTGATTCTTCTCTCTTTTTTTCTTTATTAGTCTTGCTAGCGGTCTATCAATTTTGTTGATCCTTTCAAAAAACCAGCTCCTGGATTCATTGATTTTTTGAAGGGTTTTTTGTGTCTCTATTTCCTTCAGTTCTGCTCTGATTTTAGTTATTTCTTGCCTTCTGCTAGCTTTTGAATGTGTTTGCTCTTGCTTTTCTAGTTCTTTTAATTGTGATGTTAGGGTGTCAATTTTGGATCTTTCCTGCTTTCTCTTGTAGGCATTTAGTGCTATAAATTTCCCTCTACACACTGCTTTGAATGCGTCCCAGAGATTCTGGTATGTGGTGTCATTGTTCTCGTTGGTTTCAAAGAACATCTTTATTTCTGCCTTCATTTCGTTATGTACCCAGTAGTCATTCAGGAGCAGGTTGTTCAGTTTCCATGTAGTTGAGTGGCTTTGAGTGAGATTCTTAATCCTGAGTTCTAGTTTGATTGCACTGTGGTCTGAGAGATAGTTTGTTATAATTTCTGTTCTTTTACATTTGCTGAGGAGAGCTTTACTTCCCACTATGTGGTCAATTTTGGAATAGGTGTGGTGTGGTGCTGAAAAAAATGTATATTCTGTTGATTTGGGGTGGAGAGTTCTGTAGATGTCTATTAGGTCTGCTTGGTGCAGAGCTGAGTTCAATTCCTGGGTATCCTTGTTGACTTTCTGTCTCGTTGATCTGTCTAATGTTGACAGTGGGGTGTTAAAGTCTCCCATTATTAATGTGTGGGAGTCTAAGTCTCTTTGTAGGTCACTGAGGACTTGCTTTATGAATCTGGGTGCTCCTGTATTGGGTGCATAAATATTTAGGATAGTTAGCTCCTCTTGTTGAATTGATCCCTTTACCATTATGTAATGGCCTTCTTTGTCTCTTTTGATCTTTGTTGGTTTAAAGTCTGTTTTATCAGAGACTAGGATTGCAACCCCTGCCTTTTTTTGTTTTCCATTGGCTTGGTAGATCTTCCTCCATCCTTTTATTTTGAGCCTATGTGTGTCTCTGCACGTGAGATGGGTTTCCTGAATACAGCACACTGATGGGTCTTGACTCTTTATCCAACTTGCTAGTCTGTGTCTTTTAATTGCAGAATTTAGTCCATTTATATTTAAAGTTAATATTGTTATGTGTGAATTTGATCCTGTCATTATGATGTTAGCTGGTGATTTTGCTCATTAGTTGATGCAGTTTCTTCCTAGTCTCGATGGTCTTTACATTTTGGCATGATTTTGCAGCGGCTGGTACCGGTTGTTCCTTTCCATGTTTAGCGCTTCCTTCAGGAGCTCTTTTAGGGCAGGCCTGGTGGTGACAAAATCTCTCAGCATTTGCTTGTCTATAAAGTATTTTATTTCTCCTTCACTTATGAAGCTTAGTTTGGCTGGATATGAAATTCTGGGTTGAAAATTCTTTTCTTTAAGAATGTTGAATATTGGCCCCCACTCTCTTCTGGCTTGTAGGGTTTCTGCCGAGAGATCCGCTGTTAGTCTGATGGGCTTTCCTTTGAGGGTAACCCGACCTTTCTCTCTGGCTGCCCTTAACATTTTTTCCTTCATTTCAACTTTGGTGAATCTGACAATTATGTGTCTTGGAGTTGCTCTTCTCGAGGAGTATCTTTGTGGCGTTCTCTGTATTTCCTGAATCTGAACGTTGGCCTGCCTTGCTAGATTGGGGAAGTTCTCCTGGATAATATCCTGCAGAGTGTTTTCCAACTTGGTTCCATTCTCCACATCACTTTCAGGTACACCAATCAGACGTAGATTTGGTCTTTTCACATAGTCCCATATTTCTTGGAGGCTTTGCTCATTTCTTTTTATTCTTTTTTCTCTAAACTTCCCTTCTCGCTTCATTTCATTCATTTCATCTTCCATTGCTGATACCCTTTCTTCCAGTTGATCGCATCGGCTCCTGAGGCTTCTGCATTCTTCACGTAGTTCTCGAGCCTTGGTTTTCAGCTCCATCAGCTCCTTTAAGCACTTCTCTGTATTGGTTATTCTAGTTATACATTCTTCTAAATTTTTTTCAAAGTTTTCAACTTCTTTGCCTTTGGTTTGAATGTCCTCCCGTAGCTCAGAGTAATTTGATCGTCTGAAGCCTTCTTCTCTCAGCTCGTCAAAATCATTCTCCATCCAGCTTTGTTCTGTTGCTGGTGAGGAACTGCGTTCCTTTGGAGGAGGAGAGGTGCTCTGCGTTTTAGAGTTTCCAGTTTTTCTGTTCTGTTTTTTCCCCATCTTTGTGGTTTTATCTACTTTTGGTCTTTGATGATGGTGATGTACAGATGGGTTTTCGGTGTAGATGTCCTTTCTGGTTGTTAGTTTTCCTTCTAACAGACAGGACCCTCAGCTGCAGGTCTGTTGGAATACCCTGCCGTGTGAGGTGTCAGTGTGCCCCTGCTGGGGGGTGCCTCCCAGTTAGGCTGCTCGGGGGTCAGGGGTCAGGGATCCACTTGAGGAGGCAGTCTGCCCGTTCTCAGATCTCCAGCTGCGTGCTGGGAGAACCACTGCTCTCTTCAAAGCTGTCAGACAGGGACACTTAAGTCTGCAGAGGTTACTGCTGTCTTTTTGTTTGTCTGTGCCCTGCCCCCAGAGGTGGAGCCTACAGAGGCAGGCAGGCCTCCTTGAGCTGTGGTGGGCTCCACCCAGTTCGAGCTTCCCGGCTGCTTTGTTTACCTAAGCAAGCCTGGGCAATGGCGGGCGCCCCTCCCCCAGCCTCGTTGCCGCCTTGCAGTTTGATCTCAGACTGCTGTGCTAGCAATCAGCGAGATTCCGTGGGCGTAGGACCCTCTGAGCCAGGTGTGGGATATAGTCTCGTGGTGCGCCGTTTCTTAAGCCGGTCTGAAAAGCGCAATATTCGGGTGGGAGTGACCCGATTTTCCAGGTGCGTCCGTCACCCCTTTCTTTGACTCGGAAAGGGAACTCCCTGACCCCTTGCGCTTCCCAGGTGAGGCAATGCCTCGCCCTGCTTCGGCTCGCGCACGGTGCGCACACACACTGGCCTGCGCCCACTGTCTGGCACTCCCTAGTGAGATGAACCCGGTACCTCAGATGGAAATGCAGAAATCACCCGTCTTCTGCGTCGCTCACGCTGGGAGCTGTAGACCGGAGCTGTTCCTATTCGGCCATCTTGGCTCCTCCTCCCCAACCATCTGAATC,GACATGTAGGGAGCTGTGTCAGCAGGGGTT,GCATATTTCTTGATGAGCATCCCATGATGC,GCATATTTCTT,12-28,1-6019,29-6044,||.|||||||||||||||||||||||||||||||||||||||||||||||||||||||||||||||||||||^||||||||||||||||||||||||||||||||||||||||||||||||||||||||||||||||||||||||||||||||||||||||||||||||||||||||||||||||||||||||||||||||||||||||||||||||||||||||||||||.||||||||||||||||||||||.|||||||||||||||||||||||||||||||||||||||||||||||||||||||||||||||||||||||||||||||||||||||||||||||||.||||||||||||||||||||||||||||||||||||||||||||||||||||||||||||||||||||||||||||||||||||||||||||||||||||||||||||||||||||||||||||||||||||||||||||||||||||||||||||||||||||||||||||||||||||||||||||||||||||||||||||||||||||||||||||||||||||||||||||||||||||||||||||||||||||||||||||||||||||||||||||||||||||||||||||||||||||||||||||||||||vvvv||||||||||||||||||||.||||||||.|||||||||||||||||||||||||||||||||||||||||||||||||||||||||||||||||||||||||||||||||||||||||||||||||||||||||||||||||||||||||||||||||||||||||||||||||||||||||||||||||||||||||||||||||||||||||||||||||||||||||||||||||||||||||||||||||||||||||||||||||||||||||.||||||||||||||||||||||||||||||||||||||||.|||||||||||||||||||||||||||||||||||||||||||||||||||||||||||||||||||||||||||||||||||||||||||||||||||||||||||||||||||||||||||||||||||||||||||||||||||||||||||||||||||||||||||||||||||||||||||||||||||||||||||||||||||||||||||||||||||||||||||||||||||||||||||||||||||||||||||||||||||||||||||||||||||||||||||||||||||||||||||||||||||||||||||||||||||||||||||||||||||||||||||||||||||||||||||||||||||||||||||||||||||||||||||||||||||||||||||||||||||||||||||||||||||||||||||||||||||||||||||||||||||||||||||||||||||||||||||||||||||||||||||||||||||||||||||||||||||||||||||||||||||||||||||||||||||||||||||||||||||||||||||||||||||||||||||||||||||||||||||||||||||||||||||||||||||||.||||||||||||||||||||||||||||||||||||||||||||||||||||||||||||||||||||||||||||||||||||||||||||||||||||||||||||||||||||||||||||||||||||||||||||||||||||||||||.|||||||||||||||||||||||||||||||||||||||||||||||||||||||||||||||||||||||||||||||||||||||||||||||||||||||||||||||||||||||||||||||||||||||||||||||||||||||||||||||||||||||||||||||||||||||||||||||||||||||||||||||||||||||||||||||||||||||||||||||||||||||||||||.||||||||||||||||||||||||||||||||||||||||||||||||||||||||||||||||||||||||||||||||||||||||||||||||||||||||||||||||||||||||||||||||||||||||||||||||||||||||||||||||||||||||||||||||||||||||||||||||||||||||||||||||||||||||||||||||||||||||||||||||||||||||||||||||||||||||||||||||||||||||||||||||||||||||||||||||||||||||||||||||||||||||||||||||||||||||||||||||||||||||||||||||||||||||||||||||||||||||||||||||||||||||||||||||||||||||||||||||||||||||||||||||||||||||||||||||||||||||||||||||||||||||||||||.|||||||||||||||||||||||||||||||||||||||||||||||.||||||||||||||||||||||||||||||||||||||||||||||||||||||||||||||||||||||||||||||||||||||||||||||||||||||||||||||||.||||||||||||||||||||||||||||||||||||||||||||||||||||||||||||||||||||||||||||||||||||||||||||||||||||||.|||||||||||||||||||||||||||||||||||||||||||||||||||||||||||||||||||||||||||||||||||||||||||||||||||||||||||||||||||||||||||||||||||||||||||||||||||||||||||||||||||||||||||||||||||||||||||||||||||||||||||||||||||||||||||||||||||||||||||||||||||||||||||||||||||||||||||||||||||||||||||||||||||||||||||||||||||||||||||||||||||||||||||||||||||||||||||||||||||||||||||||||||||||||||||||||||||||||||||||||||||||||||||||||||||||||||||||||||||||||||||||||||||||||||||||||||||||||||||||||||||||||||||||||||||||||||||||||||||||||||||||||||||||||||||||||||||||||||||||||||||||||||||||||||||||||||||||||||||||||||||||||||||||.|||||||||||||||||||||||||||||||||||||||||||||||||||||||||||||||||||||||||||||||||||||||||||||||||||||||||||||||||||||||||||||||||||||||.||||||||||||||||||||||||||||||||||||||||||||||||||||||||||||||||||||||||||||||||||||||||||||||||||||||||||||||||||||||||||||||||||||||||||||||||||||||||||||||||||||||||||||||||||||||||||||||||||||||||||||||||||||||||||||||||||||||||||||||||||||||||||||||||||||||||||||||||||||||||||||||||||||||||||||||||||||||||||||||||||||||||||||||||||||||||||||||||||||||||||||||||||||||.||||||||||||||||||||||||||||||||||||||||||||||||||||||||||||||||||||||||||||||||||||||||||||||||||||||||||||||||||||||||||||||||||||||||||||||||||||||||.|||||||||||||||||||||||||||||||||||||||||||||||||||||||||||||||||||||||||||||||||||||||||||||||||||||||||||||||||||||||.|||||||||||||||||||||||||||||||||||||||..||||||||||||||||||||||||||||||||||||||||||||||||||||||||||||||||||||||||||||||||||||||||||||||||||||||||||||||||||||||||||||||||||||||||||||||||||||||||||||||||||||||||||||||||||||||||||||||||||||||||||||||||||||||||||||||||||||||||||||||||||||||||||||||||||||||||||||||||||||||||||||||||.|||||||||||||||||||||||||||||||||||||||||||||||||||||||||||||||||||||||||||||||||||||||||||||||||||||||||||||||||||||||||||||||||||||||||||||||||||||||||||||||||||||||||||||||||||||||||||||||||||||||||||||||||||||||||||||||||||||||||||||||||||||||||||||||||||||||||.||||||||||||||||||||||||||||||||||||||||||||||||||||||||||||||||||||||||||.|||||||||||||||||||||||||||||||||||||||||||||||||||||||||||||||||||||||||||||||||||||||||||||||||||||||||||.|||||||||||||||||||||||||||||||||||||||||||||||||||||||||||||||||||||||||||||||||||||||||||||||||||||||||||||||||||||||||||||||||||||||||||||||||||||||||.||||||||||||||||||||||||||||||||||||||||||||||||||||||||||||||||||||||||||||||||||||||||||||||||||||||||||||||||||||||||||||||||||||||||||||||||||||||||||||||||||||||||||||||||||||||||||||||||||||||||||||||||||||||||||||||||||||||.||||||||||||||||||||||||||||||||||||||||||||||||||||||||||||||.||||||||||||||||||||||||||||||||||||||||||||||||||||||||||||||||||||||||||||||||||||||||||||||||||||||||||||||||||||||||||||||||||.|||||||||||||||||||||||||||||||||||.||||||||||||||||||||||||||||||||||||||||||||||||||||||||||||||||||||||||||||||||||||||||||||||||||||||||||||||||||||||||||||||||||||||||||||||||||||||||||||||||||||||||||||||||||||||||||||||||||||||||||||||||||||||||||||||||||||||||||||||||||||||||||||||||||||||||.|||||||||||||||||||||||||||||||||||||||||||||||||||||||||||||||||||||||||||||||||||||||||||||||||||||||||||||||||||||||||||||||||||||,LINE1,L1Ta1nd,1,6019,0,34,g3a|i73g|t231c|t254a|g352a|d675-678|g699a|t708c|g958a|g999a|t1661c|t1816c|g2070a|c2565a|t2613g|g2726a|a2829t|t3443a|t3579c|c3954t|a4107t|c4227t|g4267a|t4268c|t4557c|g4823c|a4898g|a5006t|t5160c|c5391t|g5454a|c5585t|c5621t|g5886t,,0|1,,cluster11_000006F:118476-124534
HG00514,chr22,22179735,+,ALU,100.0%,96.8%,100.0%,AAAACCAGAGGGGCCGGGCGCGGTGGCTCACGCCTGTAATCCCAGCACTTTGGGAGGCCGAGGCGGGCGGATCACGAGGTCAGGAGATCGAGACCATCTCGGCTAAAACGGTGAAACCCCGTCTCTACTAAAAATACAAAAAATTAGCCGGGCGTAGTGGCGGGCGCCTGTAGTCCCAGCTACTTGGGAGGCTGAGGCAGGAGAATGGCGTGAACCCGGGAGGCGGAGCTTGCAGTGAGCCGAGGTCCCGCCACTGCACTCCAGCCTGGGCGACAGGGCGAGACTCCGTCTCAAAAGAAAAAAAAAAAAAAAAAAAA,TGACTCTTTCCCTGCTGAACCACATGTAAT,AAAACCAGAGGAGCTGGTTTAATAAAACCT,AAAACCAGAGG,293-317,1-281,12-292,|||||||||||||||||||||||||||||||||||||||||||||||||||||||||||||||||||||||||||||||||||||||..||||||.||||||||||||||||||||||||||||||||||||||||||||||||.||||||||||||||||||||||||||||.|||||||||||||||||||||||||||||||||||||||||||||||||||||||||||.||.||||||||||||||||||||||||||||.|||||||||||||||,AluY,AluYa5c1,1,281,6,8,c88t|t89c|c96a|g145a|c174t|a234g|g237c|a266g,,1|1,cluster11_000003F:637206-637522,cluster11_000006F:70424-70740
HG00514,chr22,25792353,+,ALU,100.0%,96.6%,97.6%,AAGAAGTGGATTGGCCGGGCGCGGTGGCTCACGCCTGTAATCCCAGCACTTTGGGAGGCCGAGGCGGGTGGATCATGAGGTCAGGAGATCGAGACCATCCTGGCTAACAAGGTGAAACCCCGTCTCTACTAAAAATACAAAAAATTAGCCGGGCGCGGTGGCGGGCGCCTGTAGTCCCAGCTACTCGGGAGGCTGAGGCAGGAGAATGGCGTGAACCCGGGAAGCGGAGCTTGCAGTGAGCCGAGATTGCGCCACTGCAGTCCGCAGTCCGACCTGGGCGACAGAGCGAGACTCCGTCTCAAAAAAAAAAAAAA,TCCACTTAAATGGACTCTTGATGCTGAGAT,AAGAAGTGGATTGGTGAGATGCTGAGCGAC,AAGAAGTGGATTGG,301-314,1-281,13-300,||||||||||||||||||||||||||||||||||||||||||||||||||||||||.||||||.|||||||||||||||||||||||||||||||||.|||||||||||||||||||||||||||||||||||||||||||||.||||||||||||||||||||||||||||||||||||||||||||||||||||||||||||||||||.||||||||||||||||||||||||.|||||||||||.||^^|||^^^^^||||||||||||||||||||||||||||,AluY,AluYb8,1,281,9,10,c57t|c64t|c98a|t144c|g211a|c236t|i252gcagtcc|c248g|g253a|a252g,,0|1,,cluster11_000001F:3480098-3480411
HG00514,chr22,26601643,-,ALU,100.0%,97.9%,99.6%,CTAACAGCTTTTTTTTTTTTTTTTTTTTTTTTTTTTTTTGAGACGGAGTCTCGCTCTGTCGCCCAGGCTGGAGTGCAGTGGCGGGATCTCGGCTCACTGCAAGCTCCGCCTCCCGGGTTCACGCCATTCTCCTGCCTCAGCCTCCCAAGTAGCTGGGACTACAGGCGCCCGCCACTACGCCCGGCTAATTTTTTGTATTTTTAGTAGAGACGGGGTTTCACCGTTTTAGCCGGGATGGTCTCGATCTCCTGACCTCGTGATCCGCCCGCCTCGGCCTCCCAAAGTGCTGGGATTACAGGCGTGAGCCACCGCGCCCGGCCC,ACTAGGCTTAGCAGCTCCTATTTTCTCCAT,CTAACAGCTTTTTAGAGCTGATTTGTTTAC,CTAACAGCTTTTT,14-39,1-281,40-320,||||||||||||||||||||||||||||||||||||||||||||||||||||||||||||||||||||||||||||||||||||||||.||||||.||||||||||||||||||||||||||||||||||||||||||||||||.||||||||||||||||||||||||||||.||||||||||||||||||||||||||||||||||||||||||||||||||||||||||||||.||||||||||||||||||||||||||||||||||||||||||||,AluY,AluYa5,1,281,5,5,t89c|c96a|g145a|c174t|g237c,,1|0,cluster11_000002F:1339462-1339782,
HG00514,chr22,27859944,+,ALU,100.0%,98.9%,100.0%,AAAACCTGGCCGGGCGCGGTGGCTCACGCCTGTAATCCCAGCACTTTGGGAGGCCGAGGCGGGCGGATCACGAGGTCAGGAGATCGAGACCATCCTGGCTAACAAGGTGAAACCCCGTCTCTACTAAAAATACAAAAAATTAGCCGGGCGTGGTAGCGGGCGCCTGTAGTCCCAGCTACTCGGGAGGCTGAGGCAGGAGAATGGCGTGAACCCGGGAGGCGGAGCTTGCAGTGAGCCGAGATCGCGCCACTGCACTCCAGCCTGGGCGACAGAGCGAGACTCCGTCTCAAAAAAAAAAAAAAAAAAAAAAAAAAAA,TGCTGTGCTTGTCTCCAAAGAAAGTCCCTT,AAAACCTCTGCTGCCATCTGTCTTTGCTGC,AAAACCT,289-316,1-281,8-288,|||||||||||||||||||||||||||||||||||||||||||||||||||||||||||||||||||||||||||||||||||||||||||||||||.|||||||||||||||||||||||||||||||||||||||||||||||||.|||||||||||||||||||||||||||||||||||||||||||||||||||||||||||||||||||||||||||||||||||||||||||||||||||||||||||||||||||||||||||||||||||||,AluY,AluYc2,1,281,2,2,c98a|g148a,,0|1,,cluster11_000001F:5547890-5548205
HG00514,chr22,33132512,+,ALU,100.0%,96.8%,95.2%,AGAAGTCATTATTAGGGCCGGGCGCGGTGGCTCACGCCTGTAATCCCAGCACTTTGGGAGGCCGAGACGGGCGGATCACGAGGTCAGGAGATCGAGACCATCCTGGCTGACACGGTGAAACCCCGTCTCTACTAAAAATACAAAAATTAGCCGGGCATGGTGGCGCGCGCCTGTAGTCCCAGCTACTCGGGAGGCTGAGGCAGGAGAATGGCGTGAACCCGGGAGGCGGAGCTTGCAGTGAGTCGAGATCGCGCCACTGCGCTCCAGCCTGGGCGACAGAGCGAAACTCCGTCTCAAAAAAAAAAAAAAAAAAAAAAAAA,TCCATAACTATTTAAATATAATGTTGAATT,AAAAGTCATTATTAGTATTTTTGTACTTAA,A,296-320,1-281,16-295,|||||||||||||||||||||||||||||||||||||||||||||||||||.|||||||||||||||||||||||||||||||||||||||||.||||||||||||||||||||||||||||||||v|||||||||||||||.||||||||.||||||||||||||||||||||||||||||||||||||||||||||||||||||||||||||||||||||||||||.|||||||||||||||||.|||||||||||||||||||||||.||||||||||,AluY,AluYg5b3,1,281,7,8,g52a|a94g|d127|g143a|g152c|c229t|a247g|g271a,,0|1,,cluster11_000000F:11494814-11495133
HG00514,chr22,34034609,-,ALU,99.6%,95.4%,95.9%,CAAATGGAACTTTTTTTTTTTTTTTTTTTTTTTTTGAGACGGAGTCTCGCTCTGTTGCCCAGGCCGGACTGCGGACTGCAATGGCGCAATCTCGGCTCACTGCAAGCTCCGCTTCCTGGGTTCACGCCATTCTCCTGCCTCAGCCTCCCGAGTAGCTGGGACTACAGGCGCCCGCCACCGCGCCCGGCTAATTTTTTTTTTTGTATTTTTAGTAGAGACGGGGTTTCACCTTGTTAGCCAGGATGGTCTCGATCTCCTGACCTCGTGATCCACCCGCCTCGGCCTCCCAAAGTGCTGGGATTACAGGCGTGAGCCACCGCGCCCGGC,TAGTTCCTTGGTTTCATTTAGGTCTCAGTT,CAAATGGAACTTTTACACAGAAGCCTTCCT,CAAATGGAACTTTT,15-35,2-281,36-327,|||||||||||||||||||||||||||||||||||||||||||||||||||||||.||||||||||||||||||||||||||||||||||||||||.||||||||||||||||||||||||||||^^^^^|||||||||||||||||.||||||||||||||||||||||||||||||||||||||||||||||||||||||||||||||.|||.||||||||||||||||||||||||.||||||^^^^^^^|.|||.|||.||||||||.||||||||||||||||||||,AluY,AluYb7_3,2,281,8,13,d1|c57t|c98a|i127aaaaa|t144c|g207a|g211a|c236t|i252gcagtcc|t244c|c248g|g261a|a252g,chr22:34034276:34034647:+:L2a:LINE:L2:2783,1|0,cluster11_000001F:4085831-4086157,
HG00514,chr22,34784744,+,ALU,100.0%,97.5%,100.0%,AAAAATAAGATTCTTGGCCGGGCGCGGTGGCTCACGCCTGTAATCCCAGCACTTTGGGAGGCCGAGGCGGGCGGATCACGAGGTCAGGAGATCGAGACCATCCCGGCTAAAACGGTGAAACCCCGTCTCTACTAAAAATACAAAAAATTAGCCGGGCGTAGTGGCGGGCGCCTGTAGTCCCAGCTACTTGGGAGGCTGAGGCAGGAGAATGGCGTGAACCCGGGAGGTGGAGCTTGCAGTGAGCCGAGATCCCGCCACTGCACTCCAGCCTGGGCGACAGAGCGAGACTCCGTCTCAAAAAAAAAAATAAAATAAAAAATAA,ACCAATACAGCCTATCCCAGGATTGAAGTT,AAAAATAAGATTCTTTATTGCACAGAATCA,AAAAATAAGATTCTT,297-322,1-281,16-296,||||||||||||||||||||||||||||||||||||||||||||||||||||||||||||||||||||||||||||||||||||||||.||||||.||||||||||||||||||||||||||||||||||||||||||||||||.||||||||||||||||||||||||||||.||||||||||||||||||||||||||||||||||||||.|||||||||||||||||||||||.||||||||||||||||||||||||||||||||||||||||||||,AluY,AluYa5,1,281,5,6,t89c|c96a|g145a|c174t|c213t|g237c,,1|0,cluster11_000001F:3334020-3334341,
HG00514,chr22,35397411,-,ALU,100.0%,95.1%,97.6%,TAGAGGTATTTTATTTTATTTTATTTTATTTTTTTTTTATTTTATTTTTTTTTTTTTTGAGACGGAGTCTCGCTGTGTCGCCCAGGCCAGACTGCGGACTGCAGTGGCGCAATCTCGGCTCACTGCAAGCTCCGCTTCCCGGGTTCACGCCATTCTCCTGCCTCAGCCTCCCGAGTAGCTGGGACTACAGGCGCCTGCCACCGCGCCCGGCTAATTTTTTGTATTTTTAGTAGAGACGGGGTTTCACCTTGTTAGCCAGGATGGTCTCGATCTCCTGACCTCAAGATCCACCCGCCTCAGCCTCCCAAAGTGCTGGGATTACAGGCGTGAGCCACCGCGCCCGGCC,AGTATGAACTGAACTCAGCTTTAATTTGTA,TAGAGGTATTTTAAAGGGAGGTTGACCAGC,TAGAGGTATTTTA,14-58,1-281,59-346,|||||||||||||||||||||||||||||||||||||||||||||||.||||||||.|||||..|||||||||||||||||||||||||||||||||.|||||||||||||||||||||||||||||||||||||||||||||.||||||.|||||||||||||||||||||||||||||||||||||||||||||||||||||||||||.||||||||||||||||||||||||.|||||||||||.|||^^^^^^^.||||||||||||.||||||||||||||||,AluY,AluYb8,1,281,9,13,c48t|c57t|a63t|c64t|c98a|t144c|g151a|g211a|c236t|c248g|i252gcagtcc|g265c|a252g,chr22:35397327:35397431:-:MER67A:LTR:ERV1:-34,0|1,,cluster11_000000F:9232696-9233041
HG00514,chr22,36315826,+,ALU,100.0%,96.5%,95.3%,AAAACACATCTAGGCCGGGCGCGGTGGCTCACGCCTGTAATCCCAGCACTTTGGGAGGCCGAGGCGGGTGGATCATGAGGTCAGGAGATCGAGACCATCCTGGCTAACAAGGTGAAACCCCGTCTCTACTAAAAATACAAAAAATTAGCCGGGCGCGGTGGCGGGCGCCTGTAGTCCCAGCTACTCGGGAGGCTGAGGCAGGAGAATGGCGTGAACCCGGGAAGCGGAGCTTGCAGTGAGCCGAGATTGCGCCACTGCAGTCCGCAGTCCGCAGTCCGGCCTGGGCGACAGAGCGAGACTCCGTCTCAAAAAAAAAAAAAA,TGGTTGAAAATGAGCCCTTCTGTTTAGCTT,AAAACACATCTAACTGAGCCTGGGCCACAC,AAAACACATCTA,308-321,1-281,13-307,||||||||||||||||||||||||||||||||||||||||||||||||||||||||.||||||.|||||||||||||||||||||||||||||||||.|||||||||||||||||||||||||||||||||||||||||||||.||||||||||||||||||||||||||||||||||||||||||||||||||||||||||||||||||.||||||||||||||||||||||||.||||||||^^^^^^^^^^^^^^|||.|||.|||||||||||||||||||||||||||||,AluY,AluYb8,1,281,9,9,c57t|c64t|c98a|t144c|g211a|c236t|i252gcagtcc|c248g|a252g,,1|0,cluster11_000001F:1795576-1795896,
HG00514,chr22,40501469,-,SVA,11.2%,94.1%,96.6%,CCTCCCGGACGGGGCGGCTGGCCGGGCAGGGGGGCCGACCCCCCCCCCCACCTCCCTCCCGGACGGGGCGGCTGGCCGGGCGGGGGGCCGACCCCCCCACCTCCCTCCCGGACGGGGCGGCTGGCCGGGCGGGGGGCCGACCCCCCCACCTC,GTAGGGGCGGCCGGGCAGAGGCGCCCCTCA,CCTCCCAGACGGGGCGGCTGGCCCGGCGGA,CCTCCC,7-6,593-739,1-152,||||||||||||||.|||||||||||||||||||||||||||||||||||||||||||||.||.|||||||||||.|||||||||||||||||||||||||||^^^^|||||||||.|||||||^||||||||||||||||.||||||||||,SVA,SVA,,,,,,chr22:40501391:40501853:-:SVA_F:Retroposon:SVA:-520,1|1,cluster11_000000F:2393254-2393405,cluster11_000000F:4117363-4117513
HG00514,chr22,40537219,+,SVA,7.4%,92.4%,98.8%,CCCCGTCCGGGAGGGAGATGGGGGGGTCAGCCCCCCCACCCGGCCAGCCACCCCGTCCGGGAGGGAGGTGGGGGGGTCAGCCCCCCGCCTGGCCAGCCG,AAGTGAGGAGCCCCTCAGCCCGGCCAGCCA,CCCCGTCCGGGAGGGAGGTGGGGGGGTCAG,CCCCGTCCGGGAGGGAG,18-19,628-725,1-99,|||||||||||||||||.|||||||.||||^||||||.|||.|||||||.|||||||||||||||||||||||||||||||||||||||.|||||||||,SVA,SVA,,,,,,chr22:40536467:40537233:+:SVA_F:Retroposon:SVA:382,1|1,cluster11_000000F:2429176-2429274,cluster11_000000F:4081492-4081590
HG00514,chr22,41294866,+,SVA,38.4%,90.8%,97.8%,TCCGGGAGGGAGGTCGGGGGGTCAGCCCCCCGCCCGGCCAGCCGCCCCGTCCAGGAGGTGAGGGGCGCCTCTGCCCGGCCACCCCTACTGGGAAGTGAGGAGCCCCTCTGCCCGGCCAGCCGCCCCGTCCGGGAGGGAGGTGGGGGGGTCAGCCCCCCGCCCGGCCAGCCGCCCCGTCCGGGCGGGAGGTGGGGGGGTCAGCCCCCCGCCTGGCCAGCCACCCCGTCCGGGAGGTGAGGGGCGCCTCTGCCCGGCCGCCCCTACTGGGAAGTGAGGAGCCCCTCTGCCCGGCCAGCCGCCCTGTCCGGGAGGGAGGTGGGGGGGCCAGCCGCCCCGTCCGGGAGGGAGGTGGGGGGGTCAGTCCCCTGCCCGGCCAGCCGCCCTA,GAGGAGCGTCTCCGCCCGGCAGCCACCTCG,TCCGGGAGGGAGGTGGGGGGGTGAGCCCCC,TCCGGGAGGGAGGT,385-385,175-679,1-383,||.||||v|.||||vvvvvvvvvvvvvvvvvvvvvv|||vvvvvvvvvv||||^^^|||v||.|.|||||^^^^||||||||||||.|||.||||||.|||.|.||||||||||.||||..|||.|||||||||||.|||||||||.|||vvvvvvvvvvvvvvvvvvvvvvvvvvvvvvvvvvvvvvv|||||||||vvvvvvvvvvvvvvvvvvvvvvvvvvvvvvvvvvvvvvvv.||||||||||||||||||||||||||||||||||||||||||||||||||||||||.|||||||||||||||||||||||.|||.||||||||.||||||||||||.|||||||||||||||||||||||||||||||||||||||||||||||.||.|||||||||||||.|.||||||||||||||||||||||vvvvvvvvvvvvvvvv||||||||||||||||||||||||||||||||||.||||.||||.||||.|||||||||||,SVA,SVA,,,,,,chr22:41294023:41295715:+:SVA_D:Retroposon:SVA:1,1|1,cluster11_000000F:3188633-3189017,cluster11_000000F:3318894-3319278
HG00514,chr22,41314924,+,ALU,100.0%,97.5%,98.9%,AAAAATACAGGCAGGCCGGGCGCGGTGGCTCACGCCTGTAATCCCAGCACTTTGGGAGGCCGAGGCGGGCGGATCACGAGGTCAGGAGATCGAGACCATCCTGGCTAACACAGTGAAACCCCTTCTCTACTAAAAATACAAAAAAAAATTAGCCGGGCGTGGTGGCGGGCGCCTGTAGTCCCAGCTACTCGGGAGGCTGAGGCAGGAGAATGGCGTGAACCCGGGAGGCAGAACTTGCAGTGAGCCGAGATCGCGCCACTGCACTCCAGCCTGGGCGACAGAGCGAGACTCCATCTCAAAAAAAAAAAAAAAAAAAAAAAAAAAAAAAA,ACCATGCCCGGCCAATCATTATTATTACTT,AAAAATACAGGCAAGACCCTGTCTCCAAAA,AAAAATACAGGCA,298-329,1-281,14-297,||||||||||||||||||||||||||||||||||||||||||||||||||||||||||||||||||||||||||||||||||||||||||||||||||.||||||||||.||||||||||||||||^^^|||||||||||||||||||||||||||||||||||||||||||||||||||||||||||||||||||||||||||||||||||||||.||.|||||||||||||||||||||||||||||||||||||||||||||||||||||||||||.||||,AluY,AluY,1,281,0,6,g99a|g110t|i127aaa|g214a|g217a|g277a,,0|1,,cluster11_000000F:3294998-3295326
HG00514,chr22,43928709,-,LINE1,17.5%,99.6%,94.8%,TGCAAAGGGCATTTTCTTTTTTTTTTTTTTTTTTTTTTTTTTTTTTGGTGATGTTTTTTTTTTTTTCTTTTTTTTTCTTTTTTTTTTTTTTTTTTTTTTTTATTATACTCTAAGTTTTAGGGTACATGTGCACATTGTGCAGGTTAGTTACATATGTATACATGTGCCATGCTGGTGCGCTGCACCCACTAATGTGTCATCTAGCATTAGGTATATCTCCCAATGCTATCCCTCCCCCCTCCCCCGACCCCACCACAGTCCCCAGAGTGTGATATTCCCCTTCCTGTGTCCATGTGATCTCATTGTTCAATTCCCACCTATGAGTGAGAATATGCGGTGTTTGGTTTTTTGTTCTTGCGATAGTTTACTGAGAATGATGGTTTCCAATTTCATCCATGTCCCTACAAAGGATATGAACTCATCATTTTTTATGGCTGCATAGTATTCCATGGTGTATATGTGCCACATTTTCCTAATCCAGTCTATCATTGTTGGACATTTGGGTTGGTTCCAAGTCTTTGCTATTGTGAATAGTGCCGCAATAAACATACGTGTGCATGTGTCTTTATAGCAGCATGATTTATACTCATTTGGGTATATACCCAGTAATGGGATGGCTGGGTCAAATGGTATTTCTAGTTCTAGATCCCTGAGGAATCGCCACACTGACTTCCACAATGGTTGAACTAGTTTACAGTCCCACCAACAGTGTAAAAGTGTTCCTATTTCTCCGCATCCTCTCCAGCACCTGTTGTTTCCTGACTTTTTAATGATTGCCATTCTAACTGGTGTGAGATGATATCTCATAGTGGTTTTGATTTGCATTTCTCTGATGGCCAGTGATGATGAGCATTTCTTCATGTGTTTTTTGGCTGCATAAATGTCTTCTTTTGAGAAGTGTCTGTTCATGTCCTTCGCCCACTTTTTGATGGGGTTGTTTGTTTTTTTCTTGTAAATTTGTTTGAGTTCATTGTAGATTCTGGATATTAGCCCTTTGTCAGATGAGTAGGTTGCAAAAATTTTCTCCCATGTTGTAGGTTGCCTGTTCACTCTGATGGTAGTTTCTTTTGCTGTGCAGAAGCTCTTTAGTTTAATTAGATCCCATTTGTCAATTTTGTCTTTTGTTGCCATTGCTTTTGGTGTTTTGGACATGAAGTCCT,TTCTTTTGACCCATGGATTAACCTACTCTG,TGCAAAGGGCATTTTCAAGTTTGTTGCCCT,TGCAAAGGGCATTTTC,17-46,4964-6019,105-1160,|||||||||||||||||||||||||||||||||||||||||||||||||||||||||||||||||||||||||||||||||||||||||||||||||||||||||||||||||||||||||||||||||||||||||||||||||.||||||||||||||||||||||||||||||||||||||||||||||||||.||||||||||||||||||||||||||||||||||||||||||||||||||||||||||||||||||||||||||||||||||||||||||||||||||||||||||||||||||||||||||||||||||||||||||||||||||||||||||||||||||||||||||||||||||||||||||||||||||||||||||||||||||||||||||||||||||||||||||||||||||||||||||||||||||||||||||||||||||||||||||||||||||||||||||||||||||||||||||||||||||||||||||||||||||||||||||||||||||||||||||||||||||||||||||||||||||||||||||||||||||||||||||||||||||||||||||||||||||||||||||||||||||||||||||||||||||||||||||||||||||||||||||.||||||||||||||||||||||||||||||||||||||||||||||||||||||||||||||||||||||||||||||||||||||||||||||||||||||||||||||||||||||||||||||||||||||||||||||||||||||||||||||||||||||||||||||||||||||||||||||||||||||||||||||||||||||||||||||||||||||||||||||||||||||||||||||||||||||||||||||||||||||||||||||||||||||||||||||||||||||||||||||||||||||||||||||||||||||||||||||||||||||||||||||||,LINE1,L1Ta,4964,6019,0,4,d1-4963|c5109t|t5160c|a5651g,,1|1,cluster11_000000F:5827392-5828551,cluster11_000000F:674192-675349
HG00514,chr22,45166718,+,ALU,32.4%,93.3%,92.4%,AAAGAATTATGTCGCGTGAACCCGGGAAGCGGAGCTTGCAGTGAGCCGAGATTGCGCCACTGCAGTCCGCAGTCCAGCCTGGGCGACAGAGCGAGACTCCGTCTCAAAAAAAAAAAAAAAAAAAA,ATCCGTACAGAGACCTGGTTTCTGCACAGT,AAAGAATTATGTCTATTCCTGTATTTGTTT,AAAGAATTATGTC,106-125,191-281,3-105,||||^^^^^|.||||||||||||||.||||||||||||||||||||||||.||||||||^^^^^^^|||.|||||||||||||||||||||||||||||||||,AluY,AluYb,195,281,0,6,d1-194|g196c|g211a|c236t|i252gcagtcc|c248g,,1|1,cluster11_000000F:7070347-7070471,cluster11_000002F:5676905-5677029
HG00514,chr22,49879746,-,ALU,76.2%,95.4%,96.8%,TTTTTTTTTTTTTGAGACGGAGTCTCGCTCTGTTGCCCAGGCCGGACTGCGGACTGCAGTGGCGCAATCTCGGCTCACTGCAAGCTCCGCTTCCCGGGTTCACGCCATTCTCCTGCCTCAGCCTCCCGAGTAGCTGGGACTACAGGCGCCCACCACCGCGCCCGGCTAATTTTTTGTATTTTTAGTAGAGACGGGGTTTCACCTTGTTAGCCAGGATGGTCTCGATCTCCTGAC,GTCTGGGCCTGTTTCTATTGGTTGGTTTTT,CTCCTGGTCAGTGTCTGGGCGTGTTTCTAT,,1-13,68-281,14-234,||||||||||||||||||||||||||||||.|||||||||||||||||||||||||||||||||||||||||||||.|||||.||||||||||||||||||||||||||||||||||||||||||||||||||||||||||||.||||||||||||||||||||||||.||||||||^^^^^^^|||.|||.||||||||.||||||||||||||||||||,AluY,AluYb,68,281,0,10,d1-67|c98a|t144c|c150t|g211a|c236t|i252gcagtcc|c248g|g261a|a252g,,1|1,cluster11_000000F:11806486-11806719,cluster11_000002F:939971-940218
